Id,Date,TableId,PlayerId,Points,Score,Rank
1,2019/11/12,20191112TJJJ,30,41,21,1
2,2019/11/12,20191112TJJJ,13,29,4,2
3,2019/11/12,20191112TJJJ,52,28,-7,3
4,2019/11/12,20191112TJJJ,11,22,-18,4
5,2019/11/19,20191119JTJT,30,47.8,32,1
6,2019/11/19,20191119JTJT,53,29.8,5,2
7,2019/11/19,20191119JTJT,11,22.5,-12,3
8,2019/11/19,20191119JTJT,52,19.9,-25,4
9,2019/12/21,20191221ANST,28,92.2,77,1
10,2019/12/21,20191221ANST,54,27.7,3,2
11,2019/12/21,20191221ANST,55,6,-29,3
12,2019/12/21,20191221ANST,30,-5.9,-51,4
13,2019/12/21,20191221YTNJ,54,54.1,38,1
14,2019/12/21,20191221YTNJ,56,28.2,4,2
15,2019/12/21,20191221YTNJ,30,20.9,-14,3
16,2019/12/21,20191221YTNJ,13,16.8,-28,4
17,2020/1/8,20200108JJTT,52,48.4,32,1
18,2020/1/8,20200108JJTT,11,44,19,2
19,2020/1/8,20200108JJTT,53,17.5,-17,3
20,2020/1/8,20200108JJTT,30,10.1,-34,4
21,2020/1/15,20200115JJTT,53,42.5,27,1
22,2020/1/15,20200115JJTT,30,40,15,2
23,2020/1/15,20200115JJTT,11,20.6,-14,3
24,2020/1/15,20200115JJTT,13,16.9,-28,4
25,2020/1/21,20200121JTTJ,30,41.9,25,1
26,2020/1/21,20200121JTTJ,53,41.2,17,2
27,2020/1/21,20200121JTTJ,52,28.6,-6,3
28,2020/1/21,20200121JTTJ,11,8.3,-36,4
29,2020/2/18,20200218IJDT,11,47.6,31,1
30,2020/2/18,20200218IJDT,57,36.7,12,2
31,2020/2/18,20200218IJDT,30,20.2,-19,3
32,2020/2/18,20200218IJDT,58,15.5,-24,4
33,2020/2/26,20200226TDJT,53,69.9,54,1
34,2020/2/26,20200226TDJT,30,27.1,2,2
35,2020/2/26,20200226TDJT,58,16.5,-18,3
36,2020/2/26,20200226TDJT,11,6.5,-38,4
37,2020/3/3,20200303JJTT,53,42.6,27,1
38,2020/3/3,20200303JJTT,11,33.6,9,2
39,2020/3/3,20200303JJTT,30,23.1,-12,3
40,2020/3/3,20200303JJTT,52,20.7,-24,4
41,2020/3/11,20200311DTJT,13,38.7,22,1
42,2020/3/11,20200311DTJT,30,37.4,13,2
43,2020/3/11,20200311DTJT,53,30.1,-4,3
44,2020/3/11,20200311DTJT,58,13.8,-31,4
45,2020/3/11,20200311TJDT,13,37.1,21,1
46,2020/3/11,20200311TJDT,30,35,10,2
47,2020/3/11,20200311TJDT,53,34.3,0,3
48,2020/3/11,20200311TJDT,58,13.6,-31,4
49,2020/7/7,20200707TJSA,13,48.7,32,1
50,2020/7/7,20200707TJSA,28,33.2,9,2
51,2020/7/7,20200707TJSA,30,25.4,-9,3
52,2020/7/7,20200707TJSA,55,12.7,-32,4
53,2020/7/14,20200714ADTJ,13,37.5,22,1
54,2020/7/14,20200714ADTJ,58,36.6,12,2
55,2020/7/14,20200714ADTJ,55,28.9,-6,3
56,2020/7/14,20200714ADTJ,30,17,-28,4
57,2020/7/14,20200714TJAD,30,59.3,43,1
58,2020/7/14,20200714TJAD,58,46.4,22,2
59,2020/7/14,20200714TJAD,13,23.2,-11,3
60,2020/7/14,20200714TJAD,55,-8.9,-54,4
61,2021/6/11,20210611STJW,59,37.1,26,1
62,2021/6/11,20210611STJW,13,28.7,9,2
63,2021/6/11,20210611STJW,28,23.5,-6,3
64,2021/6/11,20210611STJW,30,10.7,-29,4
65,2021/6/11,20210611WSTJ,28,46.3,35,1
66,2021/6/11,20210611WSTJ,59,38.1,19,2
67,2021/6/11,20210611WSTJ,13,25.5,-4,3
68,2021/6/11,20210611WSTJ,30,-9.9,-50,4
69,2021/6/24,20210624JWNT,13,45.9,35,1
70,2021/6/24,20210624JWNT,30,39.1,20,2
71,2021/6/24,20210624JWNT,59,17.4,-12,3
72,2021/6/24,20210624JWNT,19,-2.4,-43,4
73,2021/6/24,20210624NTJW,13,54.1,44,1
74,2021/6/24,20210624NTJW,59,23.8,4,2
75,2021/6/24,20210624NTJW,19,22.3,-7,3
76,2021/6/24,20210624NTJW,30,-0.2,-41,4
77,2021/6/24,2021062XNTJW,59,31.3,20,1
78,2021/6/24,2021062XNTJW,30,26.4,7,2
79,2021/6/24,2021062XNTJW,19,23.6,-6,3
80,2021/6/24,2021062XNTJW,13,18.7,-21,4
81,2021/7/15,20210715JLNT,19,49.8,39,1
82,2021/7/15,20210715JLNT,30,31.4,12,2
83,2021/7/15,20210715JLNT,16,19.7,-5,3
84,2021/7/15,20210715JLNT,13,-0.9,-41,4
85,2021/7/15,20210715TJLN,13,46.6,36,1
86,2021/7/15,20210715TJLN,16,37.2,13,2
87,2021/7/15,20210715TJLN,19,16.4,-8,3
88,2021/7/15,20210715TJLN,30,-0.2,-41,4
89,2021/7/15,2021071XTJLN,13,41.6,31,1
90,2021/7/15,2021071XTJLN,30,32.4,13,2
91,2021/7/15,2021071XTJLN,16,31.7,2,3
92,2021/7/15,2021071XTJLN,19,-5.7,-46,4
93,2021/7/23,20210723TLTT,30,44.7,33,1
94,2021/7/23,20210723TLTT,53,37.4,18,2
95,2021/7/23,20210723TLTT,16,14.1,-15,3
96,2021/7/23,20210723TLTT,60,3.8,-36,4
97,2021/7/24,20210724KWKJ,13,38.9,28,1
98,2021/7/24,20210724KWKJ,61,21.8,2,2
99,2021/7/24,20210724KWKJ,59,19.7,-10,3
100,2021/7/24,20210724KWKJ,40,19.6,-20,4
101,2021/7/26,20210726TJLT,53,35.7,24,1
102,2021/7/26,20210726TJLT,13,30.2,11,2
103,2021/7/26,20210726TJLT,30,19.3,-10,3
104,2021/7/26,20210726TJLT,16,14.8,-25,4
105,2021/8/6,20210806TJLT,13,42.6,31,1
106,2021/8/6,20210806TJLT,16,24.6,5,2
107,2021/8/6,20210806TJLT,30,23.4,-6,3
108,2021/8/6,20210806TJLT,53,9.4,-30,4
109,2021/8/12,20210812LTJN,13,34.7,23,1
110,2021/8/12,20210812LTJN,16,24.3,5,2
111,2021/8/12,20210812LTJN,30,22.1,-7,3
112,2021/8/12,20210812LTJN,19,18.9,-21,4
113,2021/8/12,20210812NTJL,13,35.9,25,1
114,2021/8/12,20210812NTJL,30,26.3,7,2
115,2021/8/12,20210812NTJL,16,20,-10,3
116,2021/8/12,20210812NTJL,19,17.8,-22,4
117,2021/8/13,20210813CVJT,13,38.7,28,1
118,2021/8/13,20210813CVJT,32,24.9,5,2
119,2021/8/13,20210813CVJT,6,22.5,-7,3
120,2021/8/13,20210813CVJT,53,13.9,-26,4
121,2021/8/13,20210813LVCT,6,54.1,43,1
122,2021/8/13,20210813LVCT,32,24.8,5,2
123,2021/8/13,20210813LVCT,53,14.9,-15,3
124,2021/8/13,20210813LVCT,16,6.2,-33,4
125,2021/8/20,20210820DJSV,13,35.1,24,1
126,2021/8/20,20210820DJSV,58,28.8,9,2
127,2021/8/20,20210820DJSV,32,18.8,-11,3
128,2021/8/20,20210820DJSV,28,17.3,-22,4
129,2021/8/20,20210820DJVS,28,45.6,35,1
130,2021/8/20,20210820DJVS,32,31.4,12,2
131,2021/8/20,20210820DJVS,58,24.2,-5,3
132,2021/8/20,20210820DJVS,13,-1.2,-42,4
133,2021/8/27,20210827SLJV,16,41.2,30,1
134,2021/8/27,20210827SLJV,28,29.6,10,2
135,2021/8/27,20210827SLJV,32,16.9,-13,3
136,2021/8/27,20210827SLJV,13,12.3,-27,4
137,2021/8/27,20210827VSLJ,13,31.6,21,1
138,2021/8/27,20210827VSLJ,16,29.9,10,2
139,2021/8/27,20210827VSLJ,32,23.6,-6,3
140,2021/8/27,20210827VSLJ,28,14.9,-25,4
141,2021/8/27,20210828SLJV,13,34.8,23,1
142,2021/8/27,20210828SLJV,28,33.6,14,2
143,2021/8/27,20210828SLJV,32,26.3,-3,3
144,2021/8/27,20210828SLJV,16,5.3,-34,4
145,2021/9/3,20210903JTLV,13,47,32,1
146,2021/9/3,20210903JTLV,32,43.6,18.6,2
147,2021/9/3,20210903JTLV,16,23.1,-11.9,3
148,2021/9/3,20210903JTLV,30,6.3,-38.7,4
149,2021/9/3,20210903JTVL,13,58.7,43.7,1
150,2021/9/3,20210903JTVL,32,43.1,18.1,2
151,2021/9/3,20210903JTVL,16,21.3,-13.7,3
152,2021/9/3,20210903JTVL,30,-3.1,-48.1,4
153,2021/9/3,20210903JVLT,13,36.6,21.6,1
154,2021/9/3,20210903JVLT,30,30.9,5.9,2
155,2021/9/3,20210903JVLT,32,28.2,-6.8,3
156,2021/9/3,20210903JVLT,16,24.3,-20.7,4
157,2021/9/9,20210909JNTL,13,47.3,32.3,1
158,2021/9/9,20210909JNTL,19,32.3,7.3,2
159,2021/9/9,20210909JNTL,30,21.2,-13.3,3
160,2021/9/9,20210909JNTL,16,19.2,-26.8,4
161,2021/9/9,20210909LNJT,13,38.9,23.9,1
162,2021/9/9,20210909LNJT,16,36.8,11.9,2
163,2021/9/9,20210909LNJT,30,24,-11,3
164,2021/9/9,20210909LNJT,19,20.3,-24.7,4
165,2021/9/17,20210917TJLV,30,75.7,60.7,1
166,2021/9/17,20210917TJLV,13,32.5,7.5,2
167,2021/9/17,20210917TJLV,32,12.1,-22.9,3
168,2021/9/17,20210917TJLV,16,-0.3,-45.3,4
169,2021/9/17,2021091XTJLV,13,36.7,21.7,1
170,2021/9/17,2021091XTJLV,16,32.6,7.6,2
171,2021/9/17,2021091XTJLV,32,29.9,-5.1,3
172,2021/9/17,2021091XTJLV,30,20.8,-24.2,4
173,2021/9/17,2021091YTJLV,13,52.9,37.9,1
174,2021/9/17,2021091YTJLV,30,32.5,7.5,2
175,2021/9/17,2021091YTJLV,32,18.9,-16.1,3
176,2021/9/17,2021091YTJLV,16,15.7,-29.3,4
177,2021/9/23,20210923JLNT,13,59.8,44.8,1
178,2021/9/23,20210923JLNT,16,29.7,4.7,2
179,2021/9/23,20210923JLNT,19,17.5,-17.5,3
180,2021/9/23,20210923JLNT,30,13,-32,4
181,2021/9/23,20210923NTLJ,19,39.8,24.8,1
182,2021/9/23,20210923NTLJ,30,30,5,2
183,2021/9/23,20210923NTLJ,13,29.2,-5.8,3
184,2021/9/23,20210923NTLJ,16,21,-24,4
185,2021/9/23,20210923TJLN,13,38.2,23.2,1
186,2021/9/23,20210923TJLN,30,31.3,6.3,2
187,2021/9/23,20210923TJLN,19,26.1,-8.9,3
188,2021/9/23,20210923TJLN,16,24.4,-20.6,4
189,2021/10/1,20211001AJTL,13,55.2,40.2,1
190,2021/10/1,20211001AJTL,16,30.3,5.3,2
191,2021/10/1,20211001AJTL,30,21.6,-13.4,3
192,2021/10/1,20211001AJTL,2,12.9,-32.1,4
193,2021/10/1,20211001LJTA,16,42.6,27.6,1
194,2021/10/1,20211001LJTA,13,30.9,5.9,2
195,2021/10/1,20211001LJTA,30,23.9,-11.1,3
196,2021/10/1,20211001LJTA,2,22.6,-12.4,4
197,2021/10/8,20211008VTJW,13,39.5,24.5,1
198,2021/10/8,20211008VTJW,59,34.2,9.2,2
199,2021/10/8,20211008VTJW,30,23.5,-11.5,3
200,2021/10/8,20211008VTJW,32,22.8,-22.2,4
201,2021/10/15,20211015ATJR,25,54.3,39.3,1
202,2021/10/15,20211015ATJR,13,27.3,2.3,2
203,2021/10/15,20211015ATJR,2,25,-10,3
204,2021/10/15,20211015ATJR,30,13.4,-31.6,4
205,2021/10/15,20211015TJAR,30,75.8,60.8,1
206,2021/10/15,20211015TJAR,13,25.5,0.5,2
207,2021/10/15,20211015TJAR,2,20,-15,3
208,2021/10/15,20211015TJAR,25,-1.3,-46.3,4
209,2021/10/28,20211028LJTN,13,55.1,40.1,1
210,2021/10/28,20211028LJTN,30,30.1,5.1,2
211,2021/10/28,20211028LJTN,19,22.5,-12.5,3
212,2021/10/28,20211028LJTN,16,12.3,-32.7,4
213,2021/10/28,20211028NLTJ,16,39.4,24.4,1
214,2021/10/28,20211028NLTJ,19,28.5,3.5,2
215,2021/10/28,20211028NLTJ,13,27.5,-7.5,3
216,2021/10/28,20211028NLTJ,30,24.6,-20.4,4
217,2021/10/28,20211028TLJN,13,49.9,34.9,1
218,2021/10/28,20211028TLJN,19,31.6,6.6,2
219,2021/10/28,20211028TLJN,16,28.9,-6.1,3
220,2021/10/28,20211028TLJN,30,9.6,-35.4,4
221,2021/11/4,20211104TJLV,13,48.2,33.2,1
222,2021/11/4,20211104TJLV,32,34,9,2
223,2021/11/4,20211104TJLV,16,23.5,-11.5,3
224,2021/11/4,20211104TJLV,30,14.3,-30.7,4
225,2021/11/4,20211104TLJV,32,42.7,27.7,1
226,2021/11/4,20211104TLJV,30,31.5,6.5,2
227,2021/11/4,20211104TLJV,16,24.1,-10.9,3
228,2021/11/4,20211104TLJV,13,21.7,-23.3,4
229,2021/11/4,20211104VJAR,2,40.1,25.1,1
230,2021/11/4,20211104VJAR,32,28.3,3.3,2
231,2021/11/4,20211104VJAR,13,27.3,-7.7,3
232,2021/11/4,20211104VJAR,25,24.3,-20.7,4
233,2021/11/11,20211111JARN,25,49.4,34.4,1
234,2021/11/11,20211111JARN,13,26.3,-3.7,2
235,2021/11/11,20211111JARN,2,26.3,-3.7,2
236,2021/11/11,20211111JARN,19,18,-27,4
237,2021/11/11,20211111RANJ,19,47.5,32.5,1
238,2021/11/11,20211111RANJ,25,27.6,2.6,2
239,2021/11/11,20211111RANJ,13,26.1,-8.9,3
240,2021/11/11,20211111RANJ,2,18.8,-26.2,4
241,2021/11/19,20211119ACTL,6,33.3,18.3,1
242,2021/11/19,20211119ACTL,30,31.3,6.3,2
243,2021/11/19,20211119ACTL,2,28.3,-6.7,3
244,2021/11/19,20211119ACTL,16,27.1,-17.9,4
245,2021/11/19,20211119CVWL,6,44,34,1
246,2021/11/19,20211119CVWL,16,26.4,6.4,2
247,2021/11/19,20211119CVWL,59,21.5,-8.5,3
248,2021/11/19,20211119CVWL,32,8.1,-31.9,4
249,2021/11/19,20211119JTLC,6,57.9,47.9,1
250,2021/11/19,20211119JTLC,30,32,12,2
251,2021/11/19,20211119JTLC,13,13.9,-16.1,3
252,2021/11/19,20211119JTLC,16,-3.8,-43.8,4
253,2021/11/19,20211119JWVR,59,30.5,20.5,1
254,2021/11/19,20211119JWVR,25,29.6,9.6,2
255,2021/11/19,20211119JWVR,32,22.9,-7.1,3
256,2021/11/19,20211119JWVR,13,17,-23,4
257,2021/11/19,20211119RJAT,30,34.3,19.3,1
258,2021/11/19,20211119RJAT,13,32.8,7.8,2
259,2021/11/19,20211119RJAT,2,27.9,-7.1,3
260,2021/11/19,20211119RJAT,25,25,-20,4
261,2021/11/19,20211119TVAR,30,38.3,23.3,1
262,2021/11/19,20211119TVAR,32,38,13,2
263,2021/11/19,20211119TVAR,25,23,-12,3
264,2021/11/19,20211119TVAR,2,20.7,-24.3,4
265,2021/11/26,20211126AJTX,13,83.2,68.2,1
266,2021/11/26,20211126AJTX,62,34.5,9.5,2
267,2021/11/26,20211126AJTX,30,22.3,-12.7,3
268,2021/11/26,20211126AJTX,2,-20,-65,4
269,2021/11/26,20211126TAXJ,13,53.1,38.1,1
270,2021/11/26,20211126TAXJ,62,43.7,18.7,2
271,2021/11/26,20211126TAXJ,2,21.2,-13.8,3
272,2021/11/26,20211126TAXJ,30,2,-43,4
273,2021/12/2,20211202ARJL,13,58.5,43.5,1
274,2021/12/2,20211202ARJL,2,26.1,1.1,2
275,2021/12/2,20211202ARJL,16,21.1,-13.9,3
276,2021/12/2,20211202ARJL,25,14.3,-30.7,4
277,2021/12/2,20211202JALR,25,49.5,34.5,1
278,2021/12/2,20211202JALR,13,45.3,20.3,2
279,2021/12/2,20211202JALR,16,37.1,2.1,3
280,2021/12/2,20211202JALR,2,-11.9,-56.9,4
281,2021/12/18,20211218JLSR,13,59,44,1
282,2021/12/18,20211218JLSR,16,17.5,-17.5,3
283,2021/12/18,20211218JLSR,28,30.3,5.3,2
284,2021/12/18,20211218JLSR,25,13.2,-31.8,4
285,2021/12/18,20211218TKNA,30,64.7,49.7,1
286,2021/12/18,20211218TKNA,40,27.2,2.2,2
287,2021/12/18,20211218TKNA,19,9,-36,4
288,2021/12/18,20211218TKNA,2,19.1,-15.9,3
289,2021/12/18,20211218KSJT,40,18.6,-16.4,3
290,2021/12/18,20211218KSJT,28,41.2,16.2,2
291,2021/12/18,20211218KSJT,13,12.2,-32.8,4
292,2021/12/18,20211218KSJT,30,48,33,1
293,2021/12/18,20211218RNLA,25,26.1,-8.9,3
294,2021/12/18,20211218RNLA,19,51.7,36.7,1
295,2021/12/18,20211218RNLA,16,27.2,2.2,2
296,2021/12/18,20211218RNLA,2,15,-30,4
297,2021/12/18,20211218JLST,13,-18.1,-63.1,4
298,2021/12/18,20211218JLST,16,86.1,71.1,1
299,2021/12/18,20211218JLST,28,33.5,8.5,2
300,2021/12/18,20211218JLST,30,18.5,-16.5,3
301,2021/12/21,20211221TZSJ,30,46.3,31.3,1
302,2021/12/21,20211221TZSJ,38,19.8,-26.2,4
303,2021/12/21,20211221TZSJ,29,29.4,4.4,2
304,2021/12/21,20211221TZSJ,13,24.8,-10.2,3
305,2021/12/21,20211221JTZS,13,30.1,5.1,2
306,2021/12/21,20211221JTZS,30,27.9,-7.1,3
307,2021/12/21,20211221JTZS,38,-0.4,-45.4,4
308,2021/12/21,20211221JTZS,29,62.4,47.4,1
309,2022/1/12,20220112LZSJ,16,37.9,22.9,1
310,2022/1/12,20220112LZSJ,38,35.7,10.7,2
311,2022/1/12,20220112LZSJ,29,15.7,-29.3,4
312,2022/1/12,20220112LZSJ,13,30.7,-4.3,3
313,2022/1/12,2022011XLZSJ,16,23.6,-21.4,4
314,2022/1/12,2022011XLZSJ,38,40,25,1
315,2022/1/12,2022011XLZSJ,29,27.4,-7.6,3
316,2022/1/12,2022011XLZSJ,13,29,4,2
317,2022/1/27,20220127TSZJ,30,55.9,40.9,1
318,2022/1/27,20220127TSZJ,29,8.7,-36.3,4
319,2022/1/27,20220127TSZJ,38,20.8,-14.2,3
320,2022/1/27,20220127TSZJ,13,34.6,9.6,2
321,2022/1/27,2022012XTSZJ,30,32.2,-2.8,3
322,2022/1/27,2022012XTSZJ,29,33.9,8.9,2
323,2022/1/27,2022012XTSZJ,38,15.2,-29.8,4
324,2022/1/27,2022012XTSZJ,13,38.7,23.7,1
325,2022/2/8,20220208TSZJ,30,35.6,20.6,1
326,2022/2/8,20220208TSZJ,29,30.6,-4.4,3
327,2022/2/8,20220208TSZJ,38,34.7,9.7,2
328,2022/2/8,20220208TSZJ,13,19.1,-25.9,4
329,2022/2/8,2022020XTSZJ,30,34.1,9.1,2
330,2022/2/8,2022020XTSZJ,29,23.2,-11.8,3
331,2022/2/8,2022020XTSZJ,38,52.9,37.9,1
332,2022/2/8,2022020XTSZJ,13,9.8,-35.2,4
333,2022/2/23,20220223TSZJ,30,44.1,29.1,1
334,2022/2/23,20220223TSZJ,29,28.9,3.9,2
335,2022/2/23,20220223TSZJ,38,26.4,-8.6,3
336,2022/2/23,20220223TSZJ,13,20.6,-24.4,4
337,2022/2/23,2022022XTSZJ,30,34.9,9.9,2
338,2022/2/23,2022022XTSZJ,29,58.9,43.9,1
339,2022/2/23,2022022XTSZJ,38,11.1,-33.9,4
340,2022/2/23,2022022XTSZJ,13,15.1,-19.9,3
341,2022/2/24,20220224LTJV,16,66,51,1
342,2022/2/24,20220224LTJV,30,55.3,30.5,2
343,2022/2/24,20220224LTJV,13,27.9,-7.1,3
344,2022/2/24,20220224LTJV,32,-29.9,-74.2,4
345,2022/2/24,20220224TVLJ,30,43.3,28.3,1
346,2022/2/24,20220224TVLJ,32,34.5,9.5,2
347,2022/2/24,20220224TVLJ,16,31.4,-3.6,3
348,2022/2/24,20220224TVLJ,13,10.8,-34.2,4
349,2022/2/24,20220224JVTL,13,40.6,25.6,1
350,2022/2/24,20220224JVTL,32,36.6,11.6,2
351,2022/2/24,20220224JVTL,30,25.3,-9.7,3
352,2022/2/24,20220224JVTL,16,17.5,-27.5,4
353,2022/3/4,20220304LRTA,16,36.6,21.6,1
354,2022/3/4,20220304LRTA,25,33.1,8.1,2
355,2022/3/4,20220304LRTA,30,32.8,-2.2,3
356,2022/3/4,20220304LRTA,2,17.5,-27.5,4
357,2022/3/4,2022030XLRTA,16,30.1,5.1,2
358,2022/3/4,2022030XLRTA,25,54.4,39.4,1
359,2022/3/4,2022030XLRTA,30,15.1,-29.9,4
360,2022/3/4,2022030XLRTA,2,20.4,-14.6,3
361,2022/3/8,20220308TSZJ,30,21.6,-13.4,3
362,2022/3/8,20220308TSZJ,29,14.1,-30.9,4
363,2022/3/8,20220308TSZJ,38,44.6,29.6,1
364,2022/3/8,20220308TSZJ,13,39.7,14.7,2
365,2022/3/8,2022030XTSZJ,30,39.2,24.2,1
366,2022/3/8,2022030XTSZJ,29,21.1,-23.9,4
367,2022/3/8,2022030XTSZJ,38,24.4,-10.6,3
368,2022/3/8,2022030XTSZJ,13,34.9,9.9,2
369,2022/3/11,20220311RAJL,25,42.8,27.8,1
370,2022/3/11,20220311RAJL,2,36.6,11.6,2
371,2022/3/11,20220311RAJL,13,23.8,-11.2,3
372,2022/3/11,20220311RAJL,16,16.8,-28.2,4
373,2022/3/11,20220311LJAR,16,49,34,1
374,2022/3/11,20220311LJAR,13,38.4,13.4,2
375,2022/3/11,20220311LJAR,2,17.1,-17.9,3
376,2022/3/11,20220311LJAR,25,15.5,-29.5,4
377,2022/3/24,20220324VJLT,32,42,27,1
378,2022/3/24,20220324VJLT,13,39.6,14.6,2
379,2022/3/24,20220324VJLT,16,31.5,-3.5,3
380,2022/3/24,20220324VJLT,30,8.9,-36.1,4
381,2022/3/24,20220324JLTV,13,56.6,42.6,1
382,2022/3/24,20220324JLTV,16,22.3,-2.7,2
383,2022/3/24,20220324JLTV,30,21.2,-13.8,3
384,2022/3/24,20220324JLTV,32,19.9,-25.1,4
385,2022/4/8,20220408JLRA,13,61.7,46.7,1
386,2022/4/8,20220408JLRA,16,29.2,4.2,2
387,2022/4/8,20220408JLRA,25,15.4,-19.6,3
388,2022/4/8,20220408JLRA,2,13.7,-31.1,4
389,2022/5/5,20220505ACJR,2,41.5,26.5,1
390,2022/5/5,20220505ACJR,6,35.2,10.5,2
391,2022/5/5,20220505ACJR,13,26.6,-8.5,3
392,2022/5/5,20220505ACJR,24,16.7,-28.3,4
393,2022/5/5,20220505NLRI,19,45.4,30.4,1
394,2022/5/5,20220505NLRI,16,28.7,3.7,2
395,2022/5/5,20220505NLRI,25,27.1,-7.9,3
396,2022/5/5,20220505NLRI,9,18.8,-26.2,4
397,2022/5/5,20220505JRNI,13,46.2,31.2,1
398,2022/5/5,20220505JRNI,24,30.8,5.8,2
399,2022/5/5,20220505JRNI,19,30.2,-4.8,3
400,2022/5/5,20220505JRNI,9,12.8,-32.2,4
401,2022/5/5,20220505ACRL,2,44.9,29.9,1
402,2022/5/5,20220505ACRL,6,33.7,8.7,2
403,2022/5/5,20220505ACRL,25,23.8,-11.2,3
404,2022/5/5,20220505ACRL,16,19.6,-25.4,4
405,2022/5/12,20220512ALRN,2,33.6,18.6,1
406,2022/5/12,20220512ALRN,16,33.2,8.2,2
407,2022/5/12,20220512ALRN,25,30.8,-4.2,3
408,2022/5/12,20220512ALRN,19,23.4,-21.6,4
409,2022/5/12,20220512ALNR,2,34.4,9.4,2
410,2022/5/12,20220512ALNR,16,59.1,44.1,1
411,2022/5/12,20220512ALNR,19,3.7,-41.3,4
412,2022/5/12,20220512ALNR,25,22.8,-12.2,3
413,2022/5/19,20220519NLTJ,19,52.1,37.1,1
414,2022/5/19,20220519NLTJ,16,42,17,2
415,2022/5/19,20220519NLTJ,30,17.1,-17.9,3
416,2022/5/19,20220519NLTJ,13,8.8,-36.2,4
417,2022/5/19,20220519JNTL,13,36.7,21.7,1
418,2022/5/19,20220519JNTL,19,36.5,11.5,2
419,2022/5/19,20220519JNTL,30,26.5,-8.5,3
420,2022/5/19,20220519JNTL,16,20.3,-24.7,4
421,2022/5/26,20220526JTRA,13,47.3,32.3,1
422,2022/5/26,20220526JTRA,30,42.7,17.7,2
423,2022/5/26,20220526JTRA,25,17.6,-17.4,3
424,2022/5/26,20220526JTRA,2,12.4,-32.6,4
425,2022/6/2,20220602CJTN,6,45.6,30.6,1
426,2022/6/2,20220602CJTN,13,31.7,6.7,2
427,2022/6/2,20220602CJTN,30,23.6,-11.4,3
428,2022/6/2,20220602CJTN,19,19.1,-25.9,4
429,2022/6/2,20220602TCJN,30,43.7,28.7,1
430,2022/6/2,20220602TCJN,6,37.9,12.9,2
431,2022/6/2,20220602TCJN,13,21.3,-13.7,3
432,2022/6/2,20220602TCJN,19,18.1,-26.9,4
433,2022/6/2,20220602NCJT,19,44.5,29.5,1
434,2022/6/2,20220602NCJT,6,38.2,13.2,2
435,2022/6/2,20220602NCJT,13,26.2,-8.8,3
436,2022/6/2,20220602NCJT,30,11.1,-33.9,4
437,2022/6/23,20220623NCTJ,19,54,39,1
438,2022/6/23,20220623NCTJ,6,35.8,10.8,2
439,2022/6/23,20220623NCTJ,30,33,-2,3
440,2022/6/23,20220623NCTJ,13,-2.8,-47.8,4
441,2022/6/23,20220623TJCN,30,60.1,45.1,1
442,2022/6/23,20220623TJCN,13,25.7,0.7,2
443,2022/6/23,20220623TJCN,6,18.9,-16.1,3
444,2022/6/23,20220623TJCN,19,15.3,-29.7,4
445,2022/6/30,20220630LCRN,16,41,26,1
446,2022/6/30,20220630LCRN,6,35,10,2
447,2022/6/30,20220630LCRN,25,28.7,-6.3,3
448,2022/6/30,20220630LCRN,19,15.3,-29.7,4
449,2022/6/30,20220630RTRA,25,37.8,22.8,1
450,2022/6/30,20220630RTRA,30,34.6,9.6,2
451,2022/6/30,20220630RTRA,24,28,-7,3
452,2022/6/30,20220630RTRA,2,19.6,-25.4,4
453,2022/7/14,20220714SJKL,28,62.2,47.2,1
454,2022/7/14,20220714SJKL,13,29.3,4.3,2
455,2022/7/14,20220714SJKL,41,20.4,-14.6,3
456,2022/7/14,20220714SJKL,15,8.1,-36.9,4
457,2022/7/14,20220714SJJT,28,44.1,29.1,1
458,2022/7/14,20220714SJJT,13,31.7,6.7,2
459,2022/7/14,20220714SJJT,14,27.6,-7.4,3
460,2022/7/14,20220714SJJT,30,16.6,-28.4,4
461,2022/7/14,20220714KJLJ,41,45.1,30.1,1
462,2022/7/14,20220714KJLJ,14,37.9,12.9,2
463,2022/7/14,20220714KJLJ,16,21.5,-13.5,3
464,2022/7/14,20220714KJLJ,13,15.5,-29.5,4
465,2022/7/28,20220728RJTI,24,19.1,-15.9,3
466,2022/7/28,20220728RJTI,13,67.8,52.8,1
467,2022/7/28,20220728RJTI,30,5.5,-39.5,4
468,2022/7/28,20220728RJTI,9,27.6,2.6,2
469,2022/7/28,20220728JLAR,14,24,-11,3
470,2022/7/28,20220728JLAR,15,52.5,37.5,1
471,2022/7/28,20220728JLAR,2,6.2,-38.8,4
472,2022/7/28,20220728JLAR,25,37.3,12.3,2
473,2022/7/28,20220728LRIJ,15,91.7,76.7,1
474,2022/7/28,20220728LRIJ,25,22.7,-2.3,2
475,2022/7/28,20220728LRIJ,9,-12.2,-57.2,4
476,2022/7/28,20220728LRIJ,13,17.8,-17.2,3
477,2022/7/28,20220728JART,14,17,-28,4
478,2022/7/28,20220728JART,2,30.8,-4.2,3
479,2022/7/28,20220728JART,24,38.8,23.8,1
480,2022/7/28,20220728JART,30,33.4,8.4,2
481,2022/8/4,20220804TAJN,30,29,4,2
482,2022/8/4,20220804TAJN,42,22,-23,4
483,2022/8/4,20220804TAJN,13,27,-8,3
484,2022/8/4,20220804TAJN,19,42,27,1
485,2022/8/4,20220804SRIL,28,35.4,10.4,2
486,2022/8/4,20220804SRIL,24,2.8,-42.2,4
487,2022/8/4,20220804SRIL,9,20.2,-14.8,3
488,2022/8/4,20220804SRIL,15,61.6,46.6,1
489,2022/8/4,20220804AAJC,2,18.7,-26.3,4
490,2022/8/4,20220804AAJC,43,45.8,30.8,1
491,2022/8/4,20220804AAJC,14,36,11,2
492,2022/8/4,20220804AAJC,6,19.5,-15.5,3
493,2022/8/4,20220804JNAL,14,36.7,11.7,2
494,2022/8/4,20220804JNAL,19,38.3,23.3,1
495,2022/8/4,20220804JNAL,43,28.9,-6.1,3
496,2022/8/4,20220804JNAL,15,16.1,-28.9,4
497,2022/8/4,20220804JITS,13,43.6,28.6,1
498,2022/8/4,20220804JITS,9,37.7,12.7,2
499,2022/8/4,20220804JITS,30,24.7,-10.3,3
500,2022/8/4,20220804JITS,28,14,-31,4
501,2022/8/4,20220804ACAR,42,35.7,10.7,2
502,2022/8/4,20220804ACAR,6,40,25,1
503,2022/8/4,20220804ACAR,2,24.2,-10.8,3
504,2022/8/4,20220804ACAR,24,20.1,-24.9,4
505,2022/8/10,20220810TSZJ,30,29.4,-5.6,3
506,2022/8/10,20220810TSZJ,29,10.8,-24.2,4
507,2022/8/10,20220810TSZJ,38,42.1,27.1,1
508,2022/8/10,20220810TSZJ,13,37.7,12.7,2
509,2022/8/11,20220811RILA,24,22.2,-22.8,4
510,2022/8/11,20220811RILA,9,33.2,8.2,2
511,2022/8/11,20220811RILA,15,30.5,-4.5,3
512,2022/8/11,20220811RILA,2,34.1,19.1,1
513,2022/8/11,20220811NAJJ,19,-2.8,-47.8,4
514,2022/8/11,20220811NAJJ,2,11.6,-23.4,3
515,2022/8/11,20220811NAJJ,13,56.9,41.9,1
516,2022/8/11,20220811NAJJ,14,54.3,29.3,2
517,2022/8/11,20220811LYRI,16,35.7,10.7,2
518,2022/8/11,20220811LYRI,36,20.1,-14.9,3
519,2022/8/11,20220811LYRI,25,46,31,1
520,2022/8/11,20220811LYRI,9,18.2,-26.8,4
521,2022/8/18,20220818AJLT,43,6.2,-38.8,4
522,2022/8/18,20220818AJLT,14,46.4,21.4,2
523,2022/8/18,20220818AJLT,15,49.6,34.6,1
524,2022/8/18,20220818AJLT,30,17.8,-17.2,3
525,2022/8/18,20220818RCHI,24,23.5,-21.5,4
526,2022/8/18,20220818RCHI,6,32.7,7.7,2
527,2022/8/18,20220818RCHI,46,34.5,19.5,1
528,2022/8/18,20220818RCHI,9,29.3,-5.7,3
529,2022/8/18,20220818AAYN,42,8.8,-36.2,4
530,2022/8/18,20220818AAYN,2,43.6,18.6,2
531,2022/8/18,20220818AAYN,36,52.6,37.6,1
532,2022/8/18,20220818AAYN,19,15,-20,3
533,2022/8/18,20220818TNAA,30,19.9,-15.1,3
534,2022/8/18,20220818TNAA,19,22.5,-2.5,2
535,2022/8/18,20220818TNAA,43,63.2,48.2,1
536,2022/8/18,20220818TNAA,42,14.4,-30.6,4
537,2022/8/18,20220818IHRC,9,30,5,2
538,2022/8/18,20220818IHRC,46,41.3,26.3,1
539,2022/8/18,20220818IHRC,24,19.7,-25.3,4
540,2022/8/18,20220818IHRC,6,29,-6,3
541,2022/8/18,20220818YJAL,36,42.1,17.1,2
542,2022/8/18,20220818YJAL,14,18.5,-16.5,3
543,2022/8/18,20220818YJAL,2,16,-29,4
544,2022/8/18,20220818YJAL,15,43.4,28.4,1
545,2022/8/25,20220825JCRL,14,49.4,34.4,1
546,2022/8/25,20220825JCRL,6,16.1,-28.9,4
547,2022/8/25,20220825JCRL,24,24.9,-10.1,3
548,2022/8/25,20220825JCRL,15,29.6,4.6,2
549,2022/8/25,20220825TYAR,30,15.8,-19.2,3
550,2022/8/25,20220825TYAR,36,40,15,2
551,2022/8/25,20220825TYAR,2,13.3,-31.7,4
552,2022/8/25,20220825TYAR,25,50.9,35.9,1
553,2022/8/25,20220825CATR,6,59.5,44.5,1
554,2022/8/25,20220825CATR,2,40.3,15.3,2
555,2022/8/25,20220825CATR,30,27.9,-7.1,3
556,2022/8/25,20220825CATR,24,-7.7,-52.7,4
557,2022/8/25,20220825YLRJ,36,37.2,22.2,1
558,2022/8/25,20220825YLRJ,15,23.9,-21.1,4
559,2022/8/25,20220825YLRJ,25,26.1,-8.9,3
560,2022/8/25,20220825YLRJ,14,32.8,7.8,2
561,2022/9/1,20220901JLTZ,14,32.7,-2.3,3
562,2022/9/1,20220901JLTZ,16,36.7,11.7,2
563,2022/9/1,20220901JLTZ,30,12.7,-32.3,4
564,2022/9/1,20220901JLTZ,38,37.9,22.9,1
565,2022/9/1,20220901AZJJ,2,18.3,-26.7,4
566,2022/9/1,20220901AZJJ,38,43.4,28.4,1
567,2022/9/1,20220901AZJJ,14,35.5,10.5,2
568,2022/9/1,20220901AZJJ,13,22.8,-12.2,3
569,2022/9/1,20220901LRTL,16,41.5,16.5,2
570,2022/9/1,20220901LRTL,25,16.1,-28.9,4
571,2022/9/1,20220901LRTL,30,42,27,1
572,2022/9/1,20220901LRTL,15,20.4,-14.6,3
573,2022/9/8,20220908TYJL,30,22.7,-22.3,4
574,2022/9/8,20220908TYJL,36,40.5,25.5,1
575,2022/9/8,20220908TYJL,14,30.5,5.5,2
576,2022/9/8,20220908TYJL,15,26.3,-8.7,3
577,2022/9/8,20220908SJRS,29,35,10,2
578,2022/9/8,20220908SJRS,13,76.4,61.4,1
579,2022/9/8,20220908SJRS,24,13.3,-21.7,3
580,2022/9/8,20220908SJRS,51,-4.7,-49.7,4
581,2022/9/8,20220908RIAZ,25,41,26,1
582,2022/9/8,20220908RIAZ,9,23.2,-21.8,4
583,2022/9/8,20220908RIAZ,2,31.9,6.9,2
584,2022/9/8,20220908RIAZ,38,23.9,-11.1,3
585,2022/9/8,20220908SYRJ,29,34.4,-0.6,3
586,2022/9/8,20220908SYRJ,36,44.8,29.8,1
587,2022/9/8,20220908SYRJ,25,-1.2,-46.2,4
588,2022/9/8,20220908SYRJ,13,42,17,2
589,2022/9/8,20220908ZALJ,38,23.2,-11.8,3
590,2022/9/8,20220908ZALJ,2,17,-28,4
591,2022/9/8,20220908ZALJ,15,40.6,25.6,1
592,2022/9/8,20220908ZALJ,14,39.2,14.2,2
593,2022/9/15,20220915RRYI,25,31.4,6.4,2
594,2022/9/15,20220915RRYI,24,21.5,-13.5,3
595,2022/9/15,20220915RRYI,36,50.8,35.8,1
596,2022/9/15,20220915RRYI,9,16.3,-28.7,4
597,2022/9/15,20220915TYJJ,30,41.4,26.4,1
598,2022/9/15,20220915TYJJ,36,33.5,-1.5,3
599,2022/9/15,20220915TYJJ,14,38.9,13.9,2
600,2022/9/15,20220915TYJJ,13,6.2,-38.8,4
601,2022/9/22,20220922DYRR,44,18.4,-26.6,4
602,2022/9/22,20220922DYRR,36,39.4,24.4,1
603,2022/9/22,20220922DYRR,24,24,-11,3
604,2022/9/22,20220922DYRR,25,38.2,13.2,2
605,2022/9/22,20220922IYTA,9,27.7,-7.3,3
606,2022/9/22,20220922IYTA,47,16.7,-28.3,4
607,2022/9/22,20220922IYTA,30,43.9,28.9,1
608,2022/9/22,20220922IYTA,2,31.7,6.7,2
609,2022/9/22,20220922YART,36,31,6,2
610,2022/9/22,20220922YART,2,27,-8,3
611,2022/9/22,20220922YART,25,20.6,-24.4,4
612,2022/9/22,20220922YART,30,41.4,26.4,1
613,2022/9/22,20220922DYIR,44,22.4,-12.6,3
614,2022/9/22,20220922DYIR,47,40.6,25.6,1
615,2022/9/22,20220922DYIR,9,22.2,-22.8,4
616,2022/9/22,20220922DYIR,24,34.8,9.8,2
617,2022/9/29,20220929LYJZ,15,25.5,-19.5,4
618,2022/9/29,20220929LYJZ,36,35,20,1
619,2022/9/29,20220929LYJZ,13,29.7,-5.3,3
620,2022/9/29,20220929LYJZ,38,29.8,4.8,2
621,2022/9/29,20220929RJTA,25,46.5,31.5,1
622,2022/9/29,20220929RJTA,14,34.8,9.8,2
623,2022/9/29,20220929RJTA,30,34.5,-0.5,3
624,2022/9/29,20220929RJTA,2,4.2,-40.8,4
625,2022/9/29,20220929JATL,13,51,36,1
626,2022/9/29,20220929JATL,2,37.2,12.2,2
627,2022/9/29,20220929JATL,30,12.1,-32.9,4
628,2022/9/29,20220929JATL,15,19.7,-15.3,3
629,2022/9/29,20220929JYRZ,14,55.5,40.5,1
630,2022/9/29,20220929JYRZ,36,17.1,-17.9,3
631,2022/9/29,20220929JYRZ,25,-0.2,-45.2,4
632,2022/9/29,20220929JYRZ,38,47.6,22.6,2
633,2022/10/5,20221005ZJSY,38,42.7,27.7,1
634,2022/10/5,20221005ZJSY,13,23.4,-11.6,3
635,2022/10/5,20221005ZJSY,29,21,-24,4
636,2022/10/5,20221005ZJSY,36,32.9,7.9,2
637,2022/10/5,20221005YZSJ,36,37.5,12.5,2
638,2022/10/5,20221005YZSJ,38,41,26,1
639,2022/10/5,20221005YZSJ,29,29.9,-5.1,3
640,2022/10/5,20221005YZSJ,13,11.6,-33.4,4
641,2022/10/6,20221006LJYC,15,24.2,-10.8,3
642,2022/10/6,20221006LJYC,14,50.4,25.4,2
643,2022/10/6,20221006LJYC,36,-8.1,-53.1,4
644,2022/10/6,20221006LJYC,6,53.5,38.5,1
645,2022/10/6,20221006RIJT,24,24.6,-0.4,2
646,2022/10/6,20221006RIJT,9,4.1,-40.9,4
647,2022/10/6,20221006RIJT,13,10.3,-24.7,3
648,2022/10/6,20221006RIJT,30,81,66,1
649,2022/10/6,20221006JTCR,14,28.1,-6.9,3
650,2022/10/6,20221006JTCR,30,33.3,8.3,2
651,2022/10/6,20221006JTCR,6,20,-25,4
652,2022/10/6,20221006JTCR,24,38.6,23.6,1
653,2022/10/6,20221006YJLI,36,36.7,11.7,2
654,2022/10/6,20221006YJLI,13,25.2,-9.8,3
655,2022/10/6,20221006YJLI,15,39.3,24.3,1
656,2022/10/6,20221006YJLI,9,18.8,-26.2,4
657,2022/10/13,20221013ARCH,2,36.1,21.1,1
658,2022/10/13,20221013ARCH,25,28.6,-6.4,3
659,2022/10/13,20221013ARCH,6,23.9,-21.1,4
660,2022/10/13,20221013ARCH,8,31.4,6.4,2
661,2022/10/20,20221020THJL,30,27.2,2.2,2
662,2022/10/20,20221020THJL,8,17.4,-27.6,4
663,2022/10/20,20221020THJL,13,53.5,38.5,1
664,2022/10/20,20221020THJL,16,21.9,-13.1,3
665,2022/10/20,20221020LJTH,16,49.7,24.7,2
666,2022/10/20,20221020LJTH,13,5.9,-39.1,4
667,2022/10/20,20221020LJTH,30,57.7,42.7,1
668,2022/10/20,20221020LJTH,8,6.7,-28.3,3
669,2022/10/27,20221027YLJC,36,22.2,-12.8,3
670,2022/10/27,20221027YLJC,15,29.1,4.1,2
671,2022/10/27,20221027YLJC,48,-1,-46,4
672,2022/10/27,20221027YLJC,6,69.7,54.7,1
673,2022/10/27,20221027JJNA,14,34.5,9.5,2
674,2022/10/27,20221027JJNA,13,26.7,-8.3,3
675,2022/10/27,20221027JJNA,19,43.8,28.8,1
676,2022/10/27,20221027JJNA,0,15,-30,4
677,2022/10/27,20221027LCJN,15,37,22,1
678,2022/10/27,20221027LCJN,6,32.1,7.1,2
679,2022/10/27,20221027LCJN,14,26.2,-8.8,3
680,2022/10/27,20221027LCJN,19,24.3,-20.7,4
681,2022/10/27,20221027YJJA,36,27,2,2
682,2022/10/27,20221027YJJA,48,14.5,-20.5,3
683,2022/10/27,20221027YJJA,13,71.9,56.9,1
684,2022/10/27,20221027YJJA,0,6.6,-38.4,4
685,2022/11/3,20221103CJJL,5,27,2,2
686,2022/11/3,20221103CJJL,14,47.1,32.1,1
687,2022/11/3,20221103CJJL,48,25,-10,3
688,2022/11/3,20221103CJJL,15,20.9,-24.1,4
689,2022/11/3,20221103YCJN,36,21.8,-23.2,4
690,2022/11/3,20221103YCJN,5,29.5,-5.5,3
691,2022/11/3,20221103YCJN,14,35.8,20.8,1
692,2022/11/3,20221103YCJN,19,32.9,7.9,2
693,2022/11/9,20221109ZSYJ,38,45.4,30.4,1
694,2022/11/9,20221109ZSYJ,29,22.4,-12.6,3
695,2022/11/9,20221109ZSYJ,36,31.1,6.1,2
696,2022/11/9,20221109ZSYJ,13,21.1,-23.9,4
697,2022/11/9,20221109ZYSJ,38,-1.4,-46.4,4
698,2022/11/9,20221109ZYSJ,36,46.2,21.2,2
699,2022/11/9,20221109ZYSJ,29,57.2,42.2,1
700,2022/11/9,20221109ZYSJ,13,18,-17,3
701,2022/11/10,20221110YPJW,36,48.8,33.8,1
702,2022/11/10,20221110YPJW,21,4.3,-40.7,4
703,2022/11/10,20221110YPJW,14,24.7,-10.3,3
704,2022/11/10,20221110YPJW,34,42.2,17.2,2
705,2022/11/10,20221110CCLN,6,40,25,1
706,2022/11/10,20221110CCLN,5,14.8,-30.2,4
707,2022/11/10,20221110CCLN,15,34.2,9.2,2
708,2022/11/10,20221110CCLN,19,31,-4,3
709,2022/11/17,20221117JISY,13,55,40,1
710,2022/11/17,20221117JISY,9,17.1,-17.9,3
711,2022/11/17,20221117JISY,50,4.9,-40.1,4
712,2022/11/17,20221117JISY,36,43,18,2
713,2022/11/17,20221117HWJL,8,3.8,-41.2,4
714,2022/11/17,20221117HWJL,34,4,-31,3
715,2022/11/17,20221117HWJL,48,63.3,48.3,1
716,2022/11/17,20221117HWJL,15,48.9,23.9,2
717,2022/11/17,20221117JZAC,14,37.2,22.2,1
718,2022/11/17,20221117JZAC,38,33.8,8.8,2
719,2022/11/17,20221117JZAC,1,20.1,-24.9,4
720,2022/11/17,20221117JZAC,5,28.9,-6.1,3
721,2022/11/17,20221117RWPR,25,9.6,-35.4,4
722,2022/11/17,20221117RWPR,33,29.8,-5.2,3
723,2022/11/17,20221117RWPR,21,31.5,6.5,2
724,2022/11/17,20221117RWPR,24,49.1,34.1,1
725,2022/11/17,20221117CCGA,6,61.2,46.2,1
726,2022/11/17,20221117CCGA,49,23.9,-1.1,2
727,2022/11/17,20221117CCGA,7,16.9,-28.1,4
728,2022/11/17,20221117CCGA,2,18,-17,3
729,2022/11/17,20221117LZYJ,15,21.8,-13.2,3
730,2022/11/17,20221117LZYJ,38,13.8,-31.2,4
731,2022/11/17,20221117LZYJ,36,49.8,34.8,1
732,2022/11/17,20221117LZYJ,14,34.6,9.6,2
733,2022/11/17,20221117CJRJ,6,9.4,-35.6,4
734,2022/11/17,20221117CJRJ,48,38.3,13.3,2
735,2022/11/17,20221117CJRJ,24,25.2,-9.8,3
736,2022/11/17,20221117CJRJ,13,47.1,32.1,1
737,2022/11/17,20221117WPCC,33,15.8,-29.2,4
738,2022/11/17,20221117WPCC,21,35.6,10.6,2
739,2022/11/17,20221117WPCC,49,44.1,29.1,1
740,2022/11/17,20221117WPCC,5,24.5,-10.5,3
741,2022/11/17,20221117GAAI,7,49.8,34.8,1
742,2022/11/17,20221117GAAI,2,13.5,-31.5,4
743,2022/11/17,20221117GAAI,1,19.5,-15.5,3
744,2022/11/17,20221117GAAI,9,37.5,12.5,2
745,2022/11/23,20221123SYJZ,29,27.8,-7.2,3
746,2022/11/23,20221123SYJZ,36,47.9,32.9,1
747,2022/11/23,20221123SYJZ,13,43.7,18.7,2
748,2022/11/23,20221123SYJZ,38,0.6,-44.4,4
749,2022/11/23,20221123SZYJ,29,27.7,-7.3,3
750,2022/11/23,20221123SZYJ,38,51.3,36.3,1
751,2022/11/23,20221123SZYJ,36,1.7,-43.3,4
752,2022/11/23,20221123SZYJ,13,39.3,14.3,2
753,2022/11/23,20221123SYZJ,29,16.6,-28.4,4
754,2022/11/23,20221123SYZJ,36,40.4,25.4,1
755,2022/11/23,20221123SYZJ,38,35.7,10.7,2
756,2022/11/23,20221123SYZJ,13,27.3,-7.7,3
757,2022/11/24,20221124RPJY,25,12.6,-32.4,4
758,2022/11/24,20221124RPJY,21,49.9,34.9,1
759,2022/11/24,20221124RPJY,14,32.8,7.8,2
760,2022/11/24,20221124RPJY,36,24.7,-10.3,3
761,2022/11/24,20221124NCWL,19,59.7,44.7,1
762,2022/11/24,20221124NCWL,6,21.3,-3.7,2
763,2022/11/24,20221124NCWL,34,18.8,-26.2,4
764,2022/11/24,20221124NCWL,15,20.2,-14.8,3
765,2022/11/24,20221124WPIC,33,34.8,19.8,1
766,2022/11/24,20221124WPIC,22,28.4,-6.6,3
767,2022/11/24,20221124WPIC,9,29.5,4.5,2
768,2022/11/24,20221124WPIC,5,27.3,-17.7,4
769,2022/11/24,20221124IJCP,9,30.3,-4.7,3
770,2022/11/24,20221124IJCP,14,30.9,5.9,2
771,2022/11/24,20221124IJCP,6,16.1,-28.9,4
772,2022/11/24,20221124IJCP,22,42.7,27.7,1
773,2022/11/24,20221124JNPW,13,-0.6,-45.6,4
774,2022/11/24,20221124JNPW,19,45.1,20.1,2
775,2022/11/24,20221124JNPW,21,23.1,-11.9,3
776,2022/11/24,20221124JNPW,33,52.4,37.4,1
777,2022/11/24,20221124CAYL,5,33.1,18.1,1
778,2022/11/24,20221124CAYL,2,32.6,2.6,2
779,2022/11/24,20221124CAYL,36,32.6,2.6,2
780,2022/11/24,20221124CAYL,15,21.7,-23.3,4
781,2022/12/1,20221201JCSH,14,23.6,-21.4,4
782,2022/12/1,20221201JCSH,6,46,31,1
783,2022/12/1,20221201JCSH,26,24.8,-10.2,3
784,2022/12/1,20221201JCSH,8,25.6,0.6,2
785,2022/12/1,20221201TNLY,30,24.9,-10.1,3
786,2022/12/1,20221201TNLY,19,48.6,33.6,1
787,2022/12/1,20221201TNLY,15,14.1,-30.9,4
788,2022/12/1,20221201TNLY,36,32.4,7.4,2
789,2022/12/1,20221201THYW,30,21,-24,4
790,2022/12/1,20221201THYW,8,30.3,-4.7,3
791,2022/12/1,20221201THYW,36,33.5,8.5,2
792,2022/12/1,20221201THYW,34,35.2,20.2,1
793,2022/12/1,20221201CNGP,6,31.7,-3.3,3
794,2022/12/1,20221201CNGP,19,38.8,13.8,2
795,2022/12/1,20221201CNGP,7,43.6,28.6,1
796,2022/12/1,20221201CNGP,21,5.9,-39.1,4
797,2022/12/8,20221208ALSJ,2,25.6,0.6,2
798,2022/12/8,20221208ALSJ,15,43.7,28.7,1
799,2022/12/8,20221208ALSJ,26,25.3,-19.7,4
800,2022/12/8,20221208ALSJ,13,25.4,-9.6,3
801,2022/12/8,20221208VTJW,32,39.1,14.1,2
802,2022/12/8,20221208VTJW,30,32.4,-2.6,3
803,2022/12/8,20221208VTJW,14,46.9,31.9,1
804,2022/12/8,20221208VTJW,34,1.6,-43.4,4
805,2022/12/8,20221208CYAN,6,25.2,-19.8,4
806,2022/12/8,20221208CYAN,36,34,9,2
807,2022/12/8,20221208CYAN,1,25.3,-9.7,3
808,2022/12/8,20221208CYAN,19,35.5,20.5,1
809,2022/12/8,20221208HPRS,8,15.7,-19.3,3
810,2022/12/8,20221208HPRS,21,46.6,31.6,1
811,2022/12/8,20221208HPRS,25,46.2,21.2,2
812,2022/12/8,20221208HPRS,45,11.5,-33.5,4
813,2022/12/8,20221208SSWC,45,16.8,-28.2,4
814,2022/12/8,20221208SSWC,26,24.4,-10.6,3
815,2022/12/8,20221208SSWC,34,37.2,12.2,2
816,2022/12/8,20221208SSWC,6,41.6,26.6,1
817,2022/12/8,20221208HATJ,8,36.1,16.1,1
818,2022/12/8,20221208HATJ,1,31.3,-3.7,3
819,2022/12/8,20221208HATJ,30,16.5,-28.5,4
820,2022/12/8,20221208HATJ,13,36.1,16.1,1
821,2022/12/8,20221208LRPJ,15,25.8,0.8,2
822,2022/12/8,20221208LRPJ,25,19.1,-15.9,3
823,2022/12/8,20221208LRPJ,21,57.1,42.1,1
824,2022/12/8,20221208LRPJ,14,18,-27,4
825,2022/12/8,20221208AVYN,2,76.4,61.4,1
826,2022/12/8,20221208AVYN,32,1.7,-43.3,4
827,2022/12/8,20221208AVYN,36,21.8,-3.2,2
828,2022/12/8,20221208AVYN,19,20.1,-14.9,3
829,2022/12/10,20221210IAVL,9,13.9,-31.1,4
830,2022/12/10,20221210IAVL,2,47,32,1
831,2022/12/10,20221210IAVL,32,29.9,4.9,2
832,2022/12/10,20221210IAVL,17,29.2,-5.8,3
833,2022/12/10,20221210HWAG,8,0,-45,4
834,2022/12/10,20221210HWAG,34,38.3,13.3,2
835,2022/12/10,20221210HWAG,1,49.3,34.3,1
836,2022/12/10,20221210HWAG,7,32.4,-2.6,3
837,2022/12/10,20221210AWPA,2,30.2,5.2,2
838,2022/12/10,20221210AWPA,34,28.3,-16.7,4
839,2022/12/10,20221210AWPA,21,29.7,-5.3,3
840,2022/12/10,20221210AWPA,1,31.8,16.8,1
841,2022/12/10,20221210SRIH,29,55.2,40.2,1
842,2022/12/10,20221210SRIH,24,33.2,8.2,2
843,2022/12/10,20221210SRIH,9,4.6,-40.4,4
844,2022/12/10,20221210SRIH,8,27,-8,3
845,2022/12/10,20221210GVSR,7,33,8,2
846,2022/12/10,20221210GVSR,32,34.4,19.4,1
847,2022/12/10,20221210GVSR,28,27.3,-7.7,3
848,2022/12/10,20221210GVSR,25,25.3,-19.7,4
849,2022/12/15,20221215JJSJ,13,36.7,11.7,2
850,2022/12/15,20221215JJSJ,14,8.8,-36.2,4
851,2022/12/15,20221215JJSJ,26,35.7,0.7,3
852,2022/12/15,20221215JJSJ,11,38.8,23.8,1
853,2022/12/15,20221215WALG,34,41.1,16.1,2
854,2022/12/15,20221215WALG,1,26.6,-8.4,3
855,2022/12/15,20221215WALG,15,7.4,-37.6,4
856,2022/12/15,20221215WALG,7,44.9,29.9,1
857,2022/12/15,20221215YNCP,36,28,-7,3
858,2022/12/15,20221215YNCP,19,27.2,-17.8,4
859,2022/12/15,20221215YNCP,6,35.2,20.2,1
860,2022/12/15,20221215YNCP,21,29.6,4.6,2
861,2022/12/15,20221215JYPS,13,40.2,25.2,1
862,2022/12/15,20221215JYPS,36,35,10,2
863,2022/12/15,20221215JYPS,21,27.1,-7.9,3
864,2022/12/15,20221215JYPS,26,17.7,-27.3,4
865,2022/12/15,20221215JCWG,11,22.6,-22.4,4
866,2022/12/15,20221215JCWG,6,23.6,-11.4,3
867,2022/12/15,20221215JCWG,34,29.8,4.8,2
868,2022/12/15,20221215JCWG,7,44,29,1
869,2022/12/15,20221215YSJC,36,20.6,-24.4,4
870,2022/12/15,20221215YSJC,26,22.1,-12.9,3
871,2022/12/15,20221215YSJC,13,52.9,37.9,1
872,2022/12/15,20221215YSJC,5,24.4,-0.6,2
873,2022/12/22,20221222JTRP,13,39.6,24.6,1
874,2022/12/22,20221222JTRP,30,25.5,-9.5,3
875,2022/12/22,20221222JTRP,25,25.2,-19.8,4
876,2022/12/22,20221222JTRP,21,29.7,4.7,2
877,2022/12/22,20221222ZWSA,38,52.7,37.7,1
878,2022/12/22,20221222ZWSA,34,16.9,-28.1,4
879,2022/12/22,20221222ZWSA,26,27,2,2
880,2022/12/22,20221222ZWSA,2,23.4,-11.6,3
881,2022/12/22,20221222ZJPS,38,27.7,-7.3,3
882,2022/12/22,20221222ZJPS,13,30,5,2
883,2022/12/22,20221222ZJPS,21,17.4,-27.6,4
884,2022/12/22,20221222ZJPS,26,44.9,29.9,1
885,2022/12/22,20221222WTRA,34,42.8,27.8,1
886,2022/12/22,20221222WTRA,30,8.9,-36.1,4
887,2022/12/22,20221222WTRA,25,29.2,-5.8,3
888,2022/12/22,20221222WTRA,2,39.1,14.1,2
889,2022/12/29,20221229RLSY,24,9.9,-35.1,4
890,2022/12/29,20221229RLSY,16,35.4,10.4,2
891,2022/12/29,20221229RLSY,26,55,40,1
892,2022/12/29,20221229RLSY,35,19.7,-15.3,3
893,2022/12/29,20221229JILP,14,24.6,-0.4,2
894,2022/12/29,20221229JILP,9,24.4,-10.6,3
895,2022/12/29,20221229JILP,15,54.2,39.2,1
896,2022/12/29,20221229JILP,22,16.8,-28.2,4
897,2022/12/29,20221229JLLS,14,26.8,-8.2,3
898,2022/12/29,20221229JLLS,15,9.8,-35.2,4
899,2022/12/29,20221229JLLS,16,28.8,3.8,2
900,2022/12/29,20221229JLLS,26,54.6,39.6,1
901,2022/12/29,20221229RYPI,24,59.7,44.7,1
902,2022/12/29,20221229RYPI,35,23.5,-11.5,3
903,2022/12/29,20221229RYPI,22,24.4,-0.6,2
904,2022/12/29,20221229RYPI,9,12.4,-32.6,4
905,2022/12/30,20221230RLJJ,25,31.9,-3.1,3
906,2022/12/30,20221230RLJJ,15,35.3,10.3,2
907,2022/12/30,20221230RLJJ,14,41.3,26.3,1
908,2022/12/30,20221230RLJJ,13,11.5,-33.5,4
909,2022/12/30,20221230YZAS,36,36.6,11.6,2
910,2022/12/30,20221230YZAS,38,8.7,-36.3,4
911,2022/12/30,20221230YZAS,2,32.7,-2.3,3
912,2022/12/30,20221230YZAS,28,42,27,1
913,2022/12/30,20221230SJYL,28,43.6,28.6,1
914,2022/12/30,20221230SJYL,14,20.9,-24.1,4
915,2022/12/30,20221230SJYL,36,34.4,9.4,2
916,2022/12/30,20221230SJYL,15,21.2,-13.8,3
917,2022/12/30,20221230ZRAJ,38,15.1,-29.9,4
918,2022/12/30,20221230ZRAJ,25,23.3,-1.7,2
919,2022/12/30,20221230ZRAJ,2,62.1,47.1,1
920,2022/12/30,20221230ZRAJ,13,19.5,-15.5,3
921,2023/1/5,20230105LZWL,17,5.7,-39.3,4
922,2023/1/5,20230105LZWL,38,36.5,11.5,2
923,2023/1/5,20230105LZWL,34,46.1,31.1,1
924,2023/1/5,20230105LZWL,15,31.7,-3.3,3
925,2023/1/5,20230105JSSL,13,24.5,-10.5,3
926,2023/1/5,20230105JSSL,27,13.9,-31.1,4
927,2023/1/5,20230105JSSL,26,36,11,2
928,2023/1/5,20230105JSSL,16,45.6,30.6,1
929,2023/1/5,20230105ASLJ,2,-0.7,-45.7,4
930,2023/1/5,20230105ASLJ,26,4.5,-30.5,3
931,2023/1/5,20230105ASLJ,15,50.5,25.5,2
932,2023/1/5,20230105ASLJ,13,65.7,50.7,1
933,2023/1/5,20230105LZWJ,16,18.7,-26.3,4
934,2023/1/5,20230105LZWJ,38,43.5,28.5,1
935,2023/1/5,20230105LZWJ,34,37.9,12.9,2
936,2023/1/5,20230105LZWJ,14,19.9,-15.1,3
937,2023/1/5,20230105SLNA,27,42.6,17.6,2
938,2023/1/5,20230105SLNA,17,49.4,34.4,1
939,2023/1/5,20230105SLNA,19,30.9,-4.1,3
940,2023/1/5,20230105SLNA,1,-2.9,-47.9,4
941,2023/1/12,20230112ARJY,2,2.8,-42.2,4
942,2023/1/12,20230112ARJY,25,37.6,12.6,2
943,2023/1/12,20230112ARJY,14,36.3,1.3,3
944,2023/1/12,20230112ARJY,36,43.3,28.3,1
945,2023/1/12,20230112LRIY,15,46.3,31.3,1
946,2023/1/12,20230112LRIY,24,23.4,-16.6,3
947,2023/1/12,20230112LRIY,9,26.9,1.9,2
948,2023/1/12,20230112LRIY,35,23.4,-16.6,3
949,2023/1/12,20230112PCWS,21,31,-4,3
950,2023/1/12,20230112PCWS,5,34.5,9.5,2
951,2023/1/12,20230112PCWS,34,37.9,22.9,1
952,2023/1/12,20230112PCWS,26,16.6,-28.4,4
953,2023/1/12,20230112LWRY,15,8.8,-26.2,3
954,2023/1/12,20230112LWRY,34,71.9,56.9,1
955,2023/1/12,20230112LWRY,25,8.5,-36.5,4
956,2023/1/12,20230112LWRY,36,30.8,5.8,2
957,2023/1/12,20230112PYIJ,21,29.7,4.7,2
958,2023/1/12,20230112PYIJ,35,19.7,-25.3,4
959,2023/1/12,20230112PYIJ,9,20.6,-14.4,3
960,2023/1/12,20230112PYIJ,14,50,35,1
961,2023/1/12,20230112ZRAS,37,-9.7,-54.7,4
962,2023/1/12,20230112ZRAS,24,39.3,4.3,3
963,2023/1/12,20230112ZRAS,2,41.1,16.1,2
964,2023/1/12,20230112ZRAS,26,49.3,34.3,1
965,2023/1/19,20230119ZSCJ,38,61.7,46.7,1
966,2023/1/19,20230119ZSCJ,27,24.3,-10.7,3
967,2023/1/19,20230119ZSCJ,4,-1.9,-46.9,4
968,2023/1/19,20230119ZSCJ,13,35.9,10.9,2
969,2023/1/19,20230119YLJA,36,0.9,-44.1,4
970,2023/1/19,20230119YLJA,15,42.1,17.1,2
971,2023/1/19,20230119YLJA,14,20.2,-14.8,3
972,2023/1/19,20230119YLJA,2,56.8,41.8,1
973,2023/1/19,20230119GSTN,7,19.6,-25.4,4
974,2023/1/19,20230119GSTN,26,32.9,7.9,2
975,2023/1/19,20230119GSTN,30,47.6,32.6,1
976,2023/1/19,20230119GSTN,19,19.9,-15.1,3
977,2023/1/19,20230119CFJM,6,53,38,1
978,2023/1/19,20230119CFJM,63,29.7,-5.3,3
979,2023/1/19,20230119CFJM,12,31.6,6.6,2
980,2023/1/19,20230119CFJM,18,5.7,-39.3,4
981,2023/1/19,20230119SLJJ,26,46.5,31.5,1
982,2023/1/19,20230119SLJJ,15,21.9,-13.1,3
983,2023/1/19,20230119SLJJ,13,33.2,8.2,2
984,2023/1/19,20230119SLJJ,12,18.4,-26.6,4
985,2023/1/19,20230119CJNS,5,28.8,3.8,2
986,2023/1/19,20230119CJNS,14,47.3,32.3,1
987,2023/1/19,20230119CJNS,19,24,-11,3
988,2023/1/19,20230119CJNS,27,19.9,-25.1,4
989,2023/1/19,20230119AZCT,2,47.8,32.8,1
990,2023/1/19,20230119AZCT,38,32.6,7.6,2
991,2023/1/19,20230119AZCT,6,20.9,-14.1,3
992,2023/1/19,20230119AZCT,30,18.7,-26.3,4
993,2023/1/19,20230119GCFY,7,45.1,20.1,2
994,2023/1/19,20230119GCFY,4,-0.4,-45.4,4
995,2023/1/19,20230119GCFY,63,28,-7,3
996,2023/1/19,20230119GCFY,36,47.3,32.3,1
997,2023/1/19,20230119JCYG,13,46.3,21.3,2
998,2023/1/19,20230119JCYG,4,-11.6,-56.6,4
999,2023/1/19,20230119JCYG,36,47.7,32.7,1
1000,2023/1/19,20230119JCYG,7,37.9,2.9,3
1001,2023/1/26,20230126MYRJ,18,21.2,-23.8,4
1002,2023/1/26,20230126MYRJ,36,43.4,28.4,1
1003,2023/1/26,20230126MYRJ,25,26.3,-8.7,3
1004,2023/1/26,20230126MYRJ,14,29.1,4.1,2
1005,2023/1/26,20230126SWJG,29,68.4,53.4,1
1006,2023/1/26,20230126SWJG,34,50.6,25.6,2
1007,2023/1/26,20230126SWJG,12,-33.4,-78.4,4
1008,2023/1/26,20230126SWJG,7,34.4,-0.6,3
1009,2023/1/26,20230126ASLN,2,46,31,1
1010,2023/1/26,20230126ASLN,26,5.2,-39.8,4
1011,2023/1/26,20230126ASLN,15,29.7,-5.3,3
1012,2023/1/26,20230126ASLN,19,39.1,14.1,2
1013,2023/1/26,20230126CPYZ,4,23.5,-21.5,4
1014,2023/1/26,20230126CPYZ,21,32.2,7.2,2
1015,2023/1/26,20230126CPYZ,35,30.5,-4.5,3
1016,2023/1/26,20230126CPYZ,38,33.8,18.8,1
1017,2023/1/26,20230126WYAS,34,18.4,-26.6,4
1018,2023/1/26,20230126WYAS,36,22.2,-12.8,3
1019,2023/1/26,20230126WYAS,2,37.1,12.1,2
1020,2023/1/26,20230126WYAS,29,42.5,27.5,1
1021,2023/1/26,20230126JZNP,14,19.2,-25.8,4
1022,2023/1/26,20230126JZNP,38,23.6,-11.4,3
1023,2023/1/26,20230126JZNP,19,36.9,11.9,2
1024,2023/1/26,20230126JZNP,21,40.3,25.3,1
1025,2023/1/26,20230126LRGY,15,38.3,13.3,2
1026,2023/1/26,20230126LRGY,25,5.5,-39.5,4
1027,2023/1/26,20230126LRGY,7,40,25,1
1028,2023/1/26,20230126LRGY,35,36.2,1.2,3
1029,2023/1/28,20230128AJSY,2,15,-30,4
1030,2023/1/28,20230128AJSY,14,35.7,10.7,2
1031,2023/1/28,20230128AJSY,26,20.9,-14.1,3
1032,2023/1/28,20230128AJSY,36,48.4,33.4,1
1033,2023/1/28,20230128PCWL,21,30.5,-4.5,3
1034,2023/1/28,20230128PCWL,6,33.8,8.8,2
1035,2023/1/28,20230128PCWL,34,38,23,1
1036,2023/1/28,20230128PCWL,15,17.7,-27.3,4
1037,2023/1/28,20230128JTJR,13,40.5,15.5,2
1038,2023/1/28,20230128JTJR,30,17.5,-17.5,3
1039,2023/1/28,20230128JTJR,14,14.1,-30.9,4
1040,2023/1/28,20230128JTJR,25,47.9,32.9,1
1041,2023/1/28,20230128PWLY,21,24.3,-20.7,4
1042,2023/1/28,20230128PWLY,34,34,19,1
1043,2023/1/28,20230128PWLY,15,31.8,6.8,2
1044,2023/1/28,20230128PWLY,36,29.9,-5.1,3
1045,2023/1/28,20230128CSSL,6,17.6,-27.4,4
1046,2023/1/28,20230128CSSL,26,22.2,-12.8,3
1047,2023/1/28,20230128CSSL,28,41.5,26.5,1
1048,2023/1/28,20230128CSSL,16,38.7,13.7,2
1049,2023/1/28,20230128JJWY,14,65,50,1
1050,2023/1/28,20230128JJWY,13,-5.4,-50.4,4
1051,2023/1/28,20230128JJWY,34,27.8,-7.2,3
1052,2023/1/28,20230128JJWY,36,32.6,7.6,2
1053,2023/1/28,20230128RPLS,25,26.4,-8.6,3
1054,2023/1/28,20230128RPLS,21,39.5,24.5,1
1055,2023/1/28,20230128RPLS,15,28.1,3.1,2
1056,2023/1/28,20230128RPLS,28,26,-19,4
1057,2023/1/28,20230128JJRA,13,20.1,-24.9,4
1058,2023/1/28,20230128JJRA,14,24.1,-10.9,3
1059,2023/1/28,20230128JJRA,25,30.2,5.2,2
1060,2023/1/28,20230128JJRA,2,45.6,30.6,1
1061,2023/1/28,20230128SLSY,26,14.3,-30.7,4
1062,2023/1/28,20230128SLSY,15,33.8,8.8,2
1063,2023/1/28,20230128SLSY,28,32.8,-2.2,3
1064,2023/1/28,20230128SLSY,36,39.1,24.1,1
1065,2023/2/2,20230202YYTL,36,26.3,-18.7,4
1066,2023/2/2,20230202YYTL,35,26.7,-8.3,3
1067,2023/2/2,20230202YYTL,30,37.5,22.5,1
1068,2023/2/2,20230202YYTL,17,29.5,4.5,2
1069,2023/2/2,20230202WPZP,34,40.6,25.6,1
1070,2023/2/2,20230202WPZP,20,30.4,5.4,2
1071,2023/2/2,20230202WPZP,38,26.2,-8.8,3
1072,2023/2/2,20230202WPZP,21,22.8,-22.2,4
1073,2023/2/2,20230202ZJYL,38,20.2,-14.8,3
1074,2023/2/2,20230202ZJYL,13,27.9,2.9,2
1075,2023/2/2,20230202ZJYL,35,52.6,37.6,1
1076,2023/2/2,20230202ZJYL,17,19.3,-25.7,4
1077,2023/2/2,20230202CPRT,5,11.8,-23.2,3
1078,2023/2/2,20230202CPRT,20,-3.6,-48.6,4
1079,2023/2/2,20230202CPRT,25,79.6,64.6,1
1080,2023/2/2,20230202CPRT,30,32.2,7.2,2
1081,2023/2/2,20230202AWIY,2,20.9,-24.1,4
1082,2023/2/2,20230202AWIY,34,45,30,1
1083,2023/2/2,20230202AWIY,10,22.1,-12.9,3
1084,2023/2/2,20230202AWIY,36,32,7,2
1085,2023/2/9,20230209AWLY,2,-0.5,-35.5,3
1086,2023/2/9,20230209AWLY,34,96,81,1
1087,2023/2/9,20230209AWLY,17,-10,-55,4
1088,2023/2/9,20230209AWLY,36,34.5,9.5,2
1089,2023/2/9,20230209PWZR,21,30,5,2
1090,2023/2/9,20230209PWZR,33,26.8,-8.2,3
1091,2023/2/9,20230209PWZR,38,42.7,27.7,1
1092,2023/2/9,20230209PWZR,25,20.5,-24.5,4
1093,2023/2/9,20230209WSIT,34,15.3,-29.7,4
1094,2023/2/9,20230209WSIT,26,44.2,29.2,1
1095,2023/2/9,20230209WSIT,10,25.5,-9.5,3
1096,2023/2/9,20230209WSIT,30,35,10,2
1097,2023/2/9,20230209LAYP,17,16.8,-28.2,4
1098,2023/2/9,20230209LAYP,2,40.1,25.1,1
1099,2023/2/9,20230209LAYP,36,25.3,-9.7,3
1100,2023/2/9,20230209LAYP,20,37.8,12.8,2
1101,2023/2/16,20230216PTAY,20,23.3,-21.7,4
1102,2023/2/16,20230216PTAY,30,27.1,2.1,2
1103,2023/2/16,20230216PTAY,2,24.3,-10.7,3
1104,2023/2/16,20230216PTAY,35,45.3,30.3,1
1105,2023/2/16,20230216RWZY,25,33.9,8.9,2
1106,2023/2/16,20230216RWZY,33,20.9,-24.1,4
1107,2023/2/16,20230216RWZY,38,23.8,-11.2,3
1108,2023/2/16,20230216RWZY,36,41.4,26.4,1
1109,2023/2/16,20230216SPJQ,26,22.3,-12.7,3
1110,2023/2/16,20230216SPJQ,21,29.8,4.8,2
1111,2023/2/16,20230216SPJQ,12,20.7,-24.3,4
1112,2023/2/16,20230216SPJQ,23,47.2,32.2,1
1113,2023/2/16,20230216WQAR,33,39.9,24.9,1
1114,2023/2/16,20230216WQAR,23,26.5,-8.5,3
1115,2023/2/16,20230216WQAR,2,36.4,11.4,2
1116,2023/2/16,20230216WQAR,25,17.2,-27.8,4
1117,2023/2/16,20230216JYZT,12,33,8,2
1118,2023/2/16,20230216JYZT,36,22.8,-12.2,3
1119,2023/2/16,20230216JYZT,38,75.6,60.6,1
1120,2023/2/16,20230216JYZT,31,-11.4,-56.4,4
1121,2023/2/16,20230216PJYT,20,8.5,-36.5,4
1122,2023/2/16,20230216PJYT,13,86.5,71.5,1
1123,2023/2/16,20230216PJYT,35,11.8,-23.2,3
1124,2023/2/16,20230216PJYT,30,13.2,-11.8,2
1125,2023/2/16,20230216WSPI,34,73.5,58.5,1
1126,2023/2/16,20230216WSPI,26,15.5,-19.5,3
1127,2023/2/16,20230216WSPI,21,16.3,-8.7,2
1128,2023/2/16,20230216WSPI,10,14.7,-30.3,4
1129,2023/2/23,20230223LZRJ,17,8.6,-36.4,4
1130,2023/2/23,20230223LZRJ,38,30.2,-4.8,3
1131,2023/2/23,20230223LZRJ,24,48.1,33.1,1
1132,2023/2/23,20230223LZRJ,13,33.1,8.1,2
1133,2023/2/23,20230223XWIA,39,29.9,-5.1,3
1134,2023/2/23,20230223XWIA,34,31.7,6.7,2
1135,2023/2/23,20230223XWIA,9,15.2,-29.8,4
1136,2023/2/23,20230223XWIA,2,43.2,28.2,1
1137,2023/2/23,20230223PBPY,21,46.4,31.4,1
1138,2023/2/23,20230223PBPY,3,14.2,-30.8,4
1139,2023/2/23,20230223PBPY,20,30.7,5.7,2
1140,2023/2/23,20230223PBPY,36,28.7,-6.3,3
1141,2023/2/23,20230223AYRT,1,45.1,30.1,1
1142,2023/2/23,20230223AYRT,35,19.1,-25.9,4
1143,2023/2/23,20230223AYRT,25,20.9,-14.1,3
1144,2023/2/23,20230223AYRT,30,34.9,9.9,2
1145,2023/2/23,20230223PTJW,20,19.6,-25.4,4
1146,2023/2/23,20230223PTJW,30,32.6,7.6,2
1147,2023/2/23,20230223PTJW,13,38.9,23.9,1
1148,2023/2/23,20230223PTJW,34,28.9,-6.1,3
1149,2023/2/23,20230223RPAA,24,43.4,28.4,1
1150,2023/2/23,20230223RPAA,21,38.6,13.6,2
1151,2023/2/23,20230223RPAA,2,11.5,-33.5,4
1152,2023/2/23,20230223RPAA,1,26.5,-8.5,3
1153,2023/2/23,20230223XZYR,39,60,45,1
1154,2023/2/23,20230223XZYR,38,29.2,-5.8,3
1155,2023/2/23,20230223XZYR,35,0.5,-44.5,4
1156,2023/2/23,20230223XZYR,25,30.3,5.3,2
1157,2023/2/23,20230223LYIJ,17,20.4,-24.6,4
1158,2023/2/23,20230223LYIJ,36,48.4,33.4,1
1159,2023/2/23,20230223LYIJ,9,23,-12,3
1160,2023/2/23,20230223LYIJ,12,28.2,3.2,2
1161,2023/2/23,20230223JXWY,12,25.5,-19.5,4
1162,2023/2/23,20230223JXWY,39,28.8,3.8,2
1163,2023/2/23,20230223JXWY,34,26.3,-8.7,3
1164,2023/2/23,20230223JXWY,35,39.4,24.4,1
1165,2023/3/2,20230302WJLY,34,41.6,26.6,1
1166,2023/3/2,20230302WJLY,12,27,-8,3
1167,2023/3/2,20230302WJLY,16,19.7,-25.3,4
1168,2023/3/2,20230302WJLY,36,31.7,6.7,2
1169,2023/3/2,20230302YSSZ,35,31.6,-3.4,3
1170,2023/3/2,20230302YSSZ,27,15.3,-29.7,4
1171,2023/3/2,20230302YSSZ,29,32.2,7.2,2
1172,2023/3/2,20230302YSSZ,38,40.9,25.9,1
1173,2023/3/2,20230302TSJP,30,60.3,45.3,1
1174,2023/3/2,20230302TSJP,26,14.3,-30.7,4
1175,2023/3/2,20230302TSJP,10,27.3,2.3,2
1176,2023/3/2,20230302TSJP,20,18.1,-16.9,3
1177,2023/3/2,20230302SWTZ,29,20.9,-14.1,3
1178,2023/3/2,20230302SWTZ,34,2.6,-42.4,4
1179,2023/3/2,20230302SWTZ,30,54.1,39.1,1
1180,2023/3/2,20230302SWTZ,38,42.4,17.4,2
1181,2023/3/2,20230302JPYI,36,25.6,-9.4,3
1182,2023/3/2,20230302JPYI,10,21,-24,4
1183,2023/3/2,20230302JPYI,12,44,29,1
1184,2023/3/2,20230302JPYI,21,29.4,4.4,2
1185,2023/3/2,20230302SLPS,20,24.4,-10.6,3
1186,2023/3/2,20230302SLPS,27,26.1,1.1,2
1187,2023/3/2,20230302SLPS,26,54.5,39.5,1
1188,2023/3/2,20230302SLPS,16,15,-30,4
1189,2023/3/9,20230309GJPW,7,42.7,17.7,2
1190,2023/3/9,20230309GJPW,13,1.8,-43.2,4
1191,2023/3/9,20230309GJPW,21,14.9,-20.1,3
1192,2023/3/9,20230309GJPW,34,60.6,45.6,1
1193,2023/3/9,20230309PSKT,20,40.8,25.8,1
1194,2023/3/9,20230309PSKT,26,17.8,-27.2,4
1195,2023/3/9,20230309PSKT,65,27,-8,3
1196,2023/3/9,20230309PSKT,30,34.4,9.4,2
1197,2023/3/9,20230309GJIK,7,41,26,1
1198,2023/3/9,20230309GJIK,13,15.5,-29.5,4
1199,2023/3/9,20230309GJIK,10,27.7,-7.3,3
1200,2023/3/9,20230309GJIK,65,35.8,10.8,2
1201,2023/3/9,20230309JPWT,66,16.5,-18.5,3
1202,2023/3/9,20230309JPWT,20,46.5,31.5,1
1203,2023/3/9,20230309JPWT,34,41.5,16.5,2
1204,2023/3/9,20230309JPWT,30,15.5,-29.5,4
1205,2023/3/9,20230309JJKJ,12,44.2,19.2,2
1206,2023/3/9,20230309JJKJ,13,28.4,-6.6,3
1207,2023/3/9,20230309JJKJ,65,48.6,33.6,1
1208,2023/3/9,20230309JJKJ,66,-1.2,-46.2,4
1209,2023/3/16,20230316IPYW,10,38,13,2
1210,2023/3/16,20230316IPYW,21,40.4,25.4,1
1211,2023/3/16,20230316IPYW,36,4.5,-40.5,4
1212,2023/3/16,20230316IPYW,34,37.1,2.1,3
1213,2023/3/16,20230316PRWT,20,43.5,18.5,2
1214,2023/3/16,20230316PRWT,67,18.3,-16.7,3
1215,2023/3/16,20230316PRWT,33,62.5,47.5,1
1216,2023/3/16,20230316PRWT,30,-4.3,-49.3,4
1217,2023/3/16,20230316JJSZ,12,6.1,-38.9,4
1218,2023/3/16,20230316JJSZ,13,25.7,-9.3,3
1219,2023/3/16,20230316JJSZ,26,33.8,8.8,2
1220,2023/3/16,20230316JJSZ,38,54.4,39.4,1
1221,2023/3/16,20230316ISJW,10,56,41,1
1222,2023/3/16,20230316ISJW,26,26.9,1.9,2
1223,2023/3/16,20230316ISJW,13,14.1,-30.9,4
1224,2023/3/16,20230316ISJW,34,23,-12,3
1225,2023/3/16,20230316TYSJ,30,46.8,31.8,1
1226,2023/3/16,20230316TYSJ,36,14.8,-30.2,4
1227,2023/3/16,20230316TYSJ,67,30.9,5.9,2
1228,2023/3/16,20230316TYSJ,12,27.5,-7.5,3
1229,2023/3/16,20230316ZPPW,38,20.9,-14.1,3
1230,2023/3/16,20230316ZPPW,20,12.6,-32.4,4
1231,2023/3/16,20230316ZPPW,21,29.3,4.3,2
1232,2023/3/16,20230316ZPPW,33,57.2,42.2,1
1233,2023/3/16,20230316PJJW,20,29.6,4.6,2
1234,2023/3/16,20230316PJJW,12,21,-24,4
1235,2023/3/16,20230316PJJW,13,45.7,30.7,1
1236,2023/3/16,20230316PJJW,33,23.7,-11.3,3
1237,2023/3/16,20230316YPZW,36,31.4,6.4,2
1238,2023/3/16,20230316YPZW,21,11.7,-33.3,4
1239,2023/3/16,20230316YPZW,38,49,34,1
1240,2023/3/16,20230316YPZW,34,27.9,-7.1,3
1241,2023/3/23,20230323PGSI,20,29.5,-5.5,3
1242,2023/3/23,20230323PGSI,70,34.8,19.8,1
1243,2023/3/23,20230323PGSI,26,30.2,5.2,2
1244,2023/3/23,20230323PGSI,10,25.5,-19.5,4
1245,2023/3/23,20230323TKMZ,30,46.6,31.6,1
1246,2023/3/23,20230323TKMZ,65,23.1,-21.9,4
1247,2023/3/23,20230323TKMZ,18,24.3,-10.7,3
1248,2023/3/23,20230323TKMZ,38,26,1,2
1249,2023/3/23,20230323KZPM,65,25,-10,3
1250,2023/3/23,20230323KZPM,38,44.1,29.1,1
1251,2023/3/23,20230323KZPM,20,29.5,4.5,2
1252,2023/3/23,20230323KZPM,18,21.4,-23.6,4
1253,2023/3/23,20230323TSIJ,30,-7,-52,4
1254,2023/3/23,20230323TSIJ,26,27.1,2.1,2
1255,2023/3/23,20230323TSIJ,10,89.4,74.4,1
1256,2023/3/23,20230323TSIJ,12,10.5,-24.5,3
1257,2023/3/23,20230323YJGA,36,30.7,5.7,2
1258,2023/3/23,20230323YJGA,69,28,-17,4
1259,2023/3/23,20230323YJGA,70,33.2,18.2,1
1260,2023/3/23,20230323YJGA,68,28.1,-6.9,3
1261,2023/3/30,20230330JJAR,14,56.5,41.5,1
1262,2023/3/30,20230330JJAR,13,34.3,9.3,2
1263,2023/3/30,20230330JJAR,68,5.4,-39.6,4
1264,2023/3/30,20230330JJAR,25,23.8,-11.2,3
1265,2023/3/30,20230330AJJT,2,16,-29,4
1266,2023/3/30,20230330AJJT,12,41.5,26.5,1
1267,2023/3/30,20230330AJJT,69,21.2,-13.8,3
1268,2023/3/30,20230330AJJT,30,41.3,16.3,2
1269,2023/3/30,20230330YKLY,36,54.3,39.3,1
1270,2023/3/30,20230330YKLY,65,39.3,14.3,2
1271,2023/3/30,20230330YKLY,15,38.2,3.2,3
1272,2023/3/30,20230330YKLY,71,-11.8,-56.8,4
1273,2023/3/30,20230330JKLT,13,51.5,36.5,1
1274,2023/3/30,20230330JKLT,65,31,6,2
1275,2023/3/30,20230330JKLT,15,21.7,-13.3,3
1276,2023/3/30,20230330JKLT,30,15.8,-29.2,4
1277,2023/3/30,20230330SJYJ,26,39.7,14.7,2
1278,2023/3/30,20230330SJYJ,12,48.3,33.3,1
1279,2023/3/30,20230330SJYJ,36,12.9,-32.1,4
1280,2023/3/30,20230330SJYJ,14,19.1,-15.9,3
1281,2023/3/30,20230330PAMR,20,19.1,-25.9,4
1282,2023/3/30,20230330PAMR,2,42.3,27.3,1
1283,2023/3/30,20230330PAMR,72,28.8,-6.2,3
1284,2023/3/30,20230330PAMR,25,29.8,4.8,2
1285,2023/3/30,20230330KSLJ,65,49.8,34.8,1
1286,2023/3/30,20230330KSLJ,26,4.6,-40.4,4
1287,2023/3/30,20230330KSLJ,15,34,9,2
1288,2023/3/30,20230330KSLJ,14,31.6,-3.4,3
1289,2023/4/1,20230401JJYL,12,9.8,-35.2,4
1290,2023/4/1,20230401JJYL,14,53,38,1
1291,2023/4/1,20230401JJYL,36,47.1,22.1,2
1292,2023/4/1,20230401JJYL,15,10.1,-24.9,3
1293,2023/4/1,20230401SQYG,26,17.1,-27.9,4
1294,2023/4/1,20230401SQYG,23,19.2,-15.8,3
1295,2023/4/1,20230401SQYG,36,33.8,8.8,2
1296,2023/4/1,20230401SQYG,70,49.9,34.9,1
1297,2023/4/1,20230401STRJ,28,44.4,29.4,1
1298,2023/4/1,20230401STRJ,31,13.9,-31.1,4
1299,2023/4/1,20230401STRJ,25,18.9,-16.1,3
1300,2023/4/1,20230401STRJ,14,42.8,17.8,2
1301,2023/4/1,20230401JJAL,12,24.5,-0.5,2
1302,2023/4/1,20230401JJAL,13,62.1,47.1,1
1303,2023/4/1,20230401JJAL,2,12.2,-32.8,4
1304,2023/4/1,20230401JJAL,15,21.2,-13.8,3
1305,2023/4/1,20230401GTRJ,70,41.2,26.2,1
1306,2023/4/1,20230401GTRJ,31,36.1,11.1,2
1307,2023/4/1,20230401GTRJ,25,18.9,-26.1,4
1308,2023/4/1,20230401GTRJ,13,23.8,-11.2,3
1309,2023/4/1,20230401LJSQ,15,26.2,1.2,2
1310,2023/4/1,20230401LJSQ,14,61.2,46.2,1
1311,2023/4/1,20230401LJSQ,28,12,-33,4
1312,2023/4/1,20230401LJSQ,23,20.6,-14.4,3
1313,2023/4/1,20230401TSQS,31,19.6,-25.4,4
1314,2023/4/1,20230401TSQS,26,27.6,2.6,2
1315,2023/4/1,20230401TSQS,23,49.3,34.3,1
1316,2023/4/1,20230401TSQS,28,23.5,-11.5,3
1317,2023/4/6,20230406YWJG,36,31.8,6.8,2
1318,2023/4/6,20230406YWJG,33,31.2,-3.8,3
1319,2023/4/6,20230406YWJG,14,37.6,22.6,1
1320,2023/4/6,20230406YWJG,7,19.4,-25.6,4
1321,2023/4/6,20230406GJJP,70,37,22,1
1322,2023/4/6,20230406GJJP,13,28.4,-6.6,3
1323,2023/4/6,20230406GJJP,66,24.5,-20.5,4
1324,2023/4/6,20230406GJJP,20,30.1,5.1,2
1325,2023/4/6,20230406ASZK,2,18.1,-26.9,4
1326,2023/4/6,20230406ASZK,26,26,-9,3
1327,2023/4/6,20230406ASZK,38,27.9,2.9,2
1328,2023/4/6,20230406ASZK,65,48,33,1
1329,2023/4/6,20230406LJRI,15,36.7,11.7,2
1330,2023/4/6,20230406LJRI,12,11.6,-33.4,4
1331,2023/4/6,20230406LJRI,25,46.6,31.6,1
1332,2023/4/6,20230406LJRI,10,25.1,-9.9,3
1333,2023/4/6,20230406ISJW,10,43.6,28.6,1
1334,2023/4/6,20230406ISJW,26,38.8,13.8,2
1335,2023/4/6,20230406ISJW,13,18.5,-26.5,4
1336,2023/4/6,20230406ISJW,33,19.1,-15.9,3
1337,2023/4/6,20230406MRJG,72,9.5,-35.5,4
1338,2023/4/6,20230406MRJG,25,48.6,33.6,1
1339,2023/4/6,20230406MRJG,14,39.2,14.2,2
1340,2023/4/6,20230406MRJG,70,22.7,-12.3,3
1341,2023/4/6,20230406LYZP,15,27.6,2.6,2
1342,2023/4/6,20230406LYZP,36,44.1,29.1,1
1343,2023/4/6,20230406LYZP,38,24.2,-10.8,3
1344,2023/4/6,20230406LYZP,20,24.1,-20.9,4
1345,2023/4/6,20230406GAJJ,7,55.6,40.6,1
1346,2023/4/6,20230406GAJJ,2,20,-15,3
1347,2023/4/6,20230406GAJJ,12,0.5,-44.5,4
1348,2023/4/6,20230406GAJJ,66,43.9,18.9,2
1349,2023/4/6,20230406AJJZ,2,22.5,-12.5,3
1350,2023/4/6,20230406AJJZ,12,21.1,-23.9,4
1351,2023/4/6,20230406AJJZ,13,30.5,5.5,2
1352,2023/4/6,20230406AJJZ,38,45.9,30.9,1
1353,2023/4/6,20230406RWGY,25,24.7,-20.3,4
1354,2023/4/6,20230406RWGY,33,32.7,7.7,2
1355,2023/4/6,20230406RWGY,70,34.8,19.8,1
1356,2023/4/6,20230406RWGY,36,27.8,-7.2,3
1357,2023/4/13,20230413YLZI,36,17.1,-27.9,4
1358,2023/4/13,20230413YLZI,16,22.5,-12.5,3
1359,2023/4/13,20230413YLZI,38,50.8,35.8,1
1360,2023/4/13,20230413YLZI,10,29.6,4.6,2
1361,2023/4/13,20230413PAVU,20,40.9,15.9,2
1362,2023/4/13,20230413PAVU,74,15,-30,4
1363,2023/4/13,20230413PAVU,32,23.1,-11.9,3
1364,2023/4/13,20230413PAVU,73,41,26,1
1365,2023/4/13,20230413CJJG,6,37.3,22.3,1
1366,2023/4/13,20230413CJJG,12,28.1,-6.9,3
1367,2023/4/13,20230413CJJG,66,31.8,6.8,2
1368,2023/4/13,20230413CJJG,7,22.8,-22.2,4
1369,2023/4/13,20230413PVYJ,20,49.1,34.1,1
1370,2023/4/13,20230413PVYJ,32,33.3,8.3,2
1371,2023/4/13,20230413PVYJ,36,31,-4,3
1372,2023/4/13,20230413PVYJ,12,6.6,-38.4,4
1373,2023/4/13,20230413VJGA,75,26.9,1.9,2
1374,2023/4/13,20230413VJGA,66,21.1,-23.9,4
1375,2023/4/13,20230413VJGA,7,48.6,33.6,1
1376,2023/4/13,20230413VJGA,74,23.4,-11.6,3
1377,2023/4/13,20230413ZUIL,38,23.9,-11.1,3
1378,2023/4/13,20230413ZUIL,73,26.3,1.3,2
1379,2023/4/13,20230413ZUIL,10,50.5,35.5,1
1380,2023/4/13,20230413ZUIL,16,19.3,-25.7,4
1381,2023/4/20,20230420ACZN,2,35.1,10.1,2
1382,2023/4/20,20230420ACZN,6,2.9,-42.1,4
1383,2023/4/20,20230420ACZN,38,32.8,-2.2,3
1384,2023/4/20,20230420ACZN,19,49.2,34.2,1
1385,2023/4/20,20230420PISN,20,62.5,47.5,1
1386,2023/4/20,20230420PISN,10,17.8,-17.2,3
1387,2023/4/20,20230420PISN,26,12,-33,4
1388,2023/4/20,20230420PISN,76,27.7,2.7,2
1389,2023/4/20,20230420LZRR,78,51.8,36.8,1
1390,2023/4/20,20230420LZRR,79,38.6,13.6,2
1391,2023/4/20,20230420LZRR,25,20.9,-14.1,3
1392,2023/4/20,20230420LZRR,77,8.7,-36.3,4
1393,2023/4/20,20230420AJRZ,2,45.1,30.1,1
1394,2023/4/20,20230420AJRZ,12,16.7,-28.3,4
1395,2023/4/20,20230420AJRZ,77,33.5,8.5,2
1396,2023/4/20,20230420AJRZ,38,24.7,-10.3,3
1397,2023/4/20,20230420CGYL,6,2.5,-42.5,4
1398,2023/4/20,20230420CGYL,70,61.3,46.3,1
1399,2023/4/20,20230420CGYL,36,33.9,8.9,2
1400,2023/4/20,20230420CGYL,78,22.3,-12.7,3
1401,2023/4/20,20230420NZTN,76,56.7,41.7,1
1402,2023/4/20,20230420NZTN,79,-2.9,-47.9,4
1403,2023/4/20,20230420NZTN,30,37.2,12.2,2
1404,2023/4/20,20230420NZTN,19,29,-6,3
1405,2023/4/20,20230420LZYZ,78,39.5,24.5,1
1406,2023/4/20,20230420LZYZ,38,14.8,-30.2,4
1407,2023/4/20,20230420LZYZ,36,33.4,8.4,2
1408,2023/4/20,20230420LZYZ,79,32.3,-2.7,3
1409,2023/4/20,20230420JRNG,13,50.3,35.3,1
1410,2023/4/20,20230420JRNG,77,18.7,-26.3,4
1411,2023/4/20,20230420JRNG,76,27.9,2.9,2
1412,2023/4/20,20230420JRNG,70,23.1,-11.9,3
1413,2023/4/27,20230427YNAJ,36,17.2,-17.8,3
1414,2023/4/27,20230427YNAJ,80,40.6,15.6,2
1415,2023/4/27,20230427YNAJ,2,14.2,-30.8,4
1416,2023/4/27,20230427YNAJ,14,48,33,1
1417,2023/4/27,20230427LKSL,15,25.6,-9.4,3
1418,2023/4/27,20230427LKSL,65,40.3,15.3,2
1419,2023/4/27,20230427LKSL,26,44.1,29.1,1
1420,2023/4/27,20230427LKSL,78,10,-35,4
1421,2023/4/27,20230427NCYN,19,32,7,2
1422,2023/4/27,20230427NCYN,6,49.8,34.8,1
1423,2023/4/27,20230427NCYN,71,12.3,-32.7,4
1424,2023/4/27,20230427NCYN,76,25.9,-9.1,3
1425,2023/4/27,20230427ZTRR,38,40.1,15.1,2
1426,2023/4/27,20230427ZTRR,30,47.4,32.4,1
1427,2023/4/27,20230427ZTRR,77,11.9,-33.1,4
1428,2023/4/27,20230427ZTRR,25,20.6,-14.4,3
1429,2023/4/27,20230427JJCP,82,16.7,-28.3,4
1430,2023/4/27,20230427JJCP,13,42.4,27.4,1
1431,2023/4/27,20230427JJCP,5,40.9,15.9,2
1432,2023/4/27,20230427JJCP,20,20,-15,3
1433,2023/4/27,20230427GRLJ,70,27.2,-7.8,3
1434,2023/4/27,20230427GRLJ,77,35.8,10.8,2
1435,2023/4/27,20230427GRLJ,78,11.6,-33.4,4
1436,2023/4/27,20230427GRLJ,82,45.4,30.4,1
1437,2023/4/27,20230427NPKN,19,24,-11,3
1438,2023/4/27,20230427NPKN,20,48.3,33.3,1
1439,2023/4/27,20230427NPKN,65,32.1,7.1,2
1440,2023/4/27,20230427NPKN,76,15.6,-29.4,4
1441,2023/4/27,20230427TSCN,30,24.6,-10.4,3
1442,2023/4/27,20230427TSCN,26,18.8,-26.2,4
1443,2023/4/27,20230427TSCN,5,37.8,12.8,2
1444,2023/4/27,20230427TSCN,80,38.8,23.8,1
1445,2023/5/1,20230501ZSYJ,38,27.5,-7.5,3
1446,2023/5/1,20230501ZSYJ,28,-17,-62,4
1447,2023/5/1,20230501ZSYJ,36,64.3,49.3,1
1448,2023/5/1,20230501ZSYJ,13,45.2,20.2,2
1449,2023/5/1,20230501YJSZ,36,15.4,-29.6,4
1450,2023/5/1,20230501YJSZ,13,50.2,35.2,1
1451,2023/5/1,20230501YJSZ,28,35.8,10.8,2
1452,2023/5/1,20230501YJSZ,38,18.6,-16.4,3
1453,2023/5/1,20230501JYZS,13,33.6,8.6,2
1454,2023/5/1,20230501JYZS,36,45.4,30.4,1
1455,2023/5/1,20230501JYZS,38,24.3,-10.7,3
1456,2023/5/1,20230501JYZS,28,16.7,-28.3,4
1457,2023/5/4,20230504SAJN,29,35.1,0.1,3
1458,2023/5/4,20230504SAJN,2,40.8,25.8,1
1459,2023/5/4,20230504SAJN,14,7.3,-37.7,4
1460,2023/5/4,20230504SAJN,80,36.8,11.8,2
1461,2023/5/4,20230504NAJJ,76,19,-26,4
1462,2023/5/4,20230504NAJJ,68,27.1,2.1,2
1463,2023/5/4,20230504NAJJ,69,26.1,-8.9,3
1464,2023/5/4,20230504NAJJ,13,47.8,32.8,1
1465,2023/5/4,20230504YPIR,36,48.5,33.5,1
1466,2023/5/4,20230504YPIR,20,16.4,-28.6,4
1467,2023/5/4,20230504YPIR,10,26.6,-8.4,3
1468,2023/5/4,20230504YPIR,25,28.5,3.5,2
1469,2023/5/4,20230504LYSZ,15,12.8,-32.2,4
1470,2023/5/4,20230504LYSZ,35,20.7,-14.3,3
1471,2023/5/4,20230504LYSZ,26,48.4,33.4,1
1472,2023/5/4,20230504LYSZ,38,38.1,13.1,2
1473,2023/5/4,20230504AJSZ,2,18.5,-16.5,3
1474,2023/5/4,20230504AJSZ,13,30.7,5.7,2
1475,2023/5/4,20230504AJSZ,26,58.3,43.3,1
1476,2023/5/4,20230504AJSZ,38,12.5,-32.5,4
1477,2023/5/4,20230504SKRN,29,28.1,-16.9,4
1478,2023/5/4,20230504SKRN,65,29.9,-5.1,3
1479,2023/5/4,20230504SKRN,25,30.9,5.9,2
1480,2023/5/4,20230504SKRN,80,31.1,16.1,1
1481,2023/5/4,20230504LJNP,15,33.1,8.1,2
1482,2023/5/4,20230504LJNP,14,38,23,1
1483,2023/5/4,20230504LJNP,76,26.8,-8.2,3
1484,2023/5/4,20230504LJNP,20,22.1,-22.9,4
1485,2023/5/4,20230504SJLK,26,30,-5,3
1486,2023/5/4,20230504SJLK,14,20.7,-24.3,4
1487,2023/5/4,20230504SJLK,78,35,20,1
1488,2023/5/4,20230504SJLK,65,34.3,9.3,2
1489,2023/5/4,20230504YLGI,35,28.2,-6.8,3
1490,2023/5/4,20230504YLGI,78,45.8,30.8,1
1491,2023/5/4,20230504YLGI,70,12.8,-32.2,4
1492,2023/5/4,20230504YLGI,10,33.2,8.2,2
1497,2023/5/11,20230511JJAI,12,6.8,-38.2,4
1498,2023/5/11,20230511JJAI,14,24,-11,3
1499,2023/5/11,20230511JJAI,2,49.7,34.7,1
1500,2023/5/11,20230511JJAI,10,39.5,14.5,2
1501,2023/5/11,20230511LRCL,78,47.9,32.9,1
1502,2023/5/11,20230511LRCL,25,36.3,11.3,2
1503,2023/5/11,20230511LRCL,6,21.9,-13.1,3
1504,2023/5/11,20230511LRCL,15,13.9,-31.1,4
1505,2023/5/11,20230511NKYS,80,40.3,15.3,2
1506,2023/5/11,20230511NKYS,65,42.4,27.4,1
1507,2023/5/11,20230511NKYS,71,10,-35,4
1508,2023/5/11,20230511NKYS,26,27.3,-7.7,3
1509,2023/5/11,20230511ALKJ,2,12.3,-32.7,4
1510,2023/5/11,20230511ALKJ,78,33,8,2
1511,2023/5/11,20230511ALKJ,65,22.6,-12.4,3
1512,2023/5/11,20230511ALKJ,13,52.1,37.1,1
1513,2023/5/11,20230511CJNS,6,4.3,-40.7,4
1514,2023/5/11,20230511CJNS,14,18.5,-16.5,3
1515,2023/5/11,20230511CJNS,19,49.7,34.7,1
1516,2023/5/11,20230511CJNS,26,47.5,22.5,2
1517,2023/5/11,20230511YNRI,36,31.7,-3.3,3
1518,2023/5/11,20230511YNRI,80,21.9,-23.1,4
1519,2023/5/11,20230511YNRI,25,32.3,7.3,2
1520,2023/5/11,20230511YNRI,10,34.1,19.1,1
1521,2023/5/11,20230511YBNJ,36,52,27,2
1522,2023/5/11,20230511YBNJ,3,-2.7,-47.7,4
1523,2023/5/11,20230511YBNJ,19,18.6,-16.4,3
1524,2023/5/11,20230511YBNJ,13,52.1,37.1,1
1525,2023/5/11,20230511INKL,10,40.7,15.7,2
1526,2023/5/11,20230511INKL,80,-6.9,-51.9,4
1527,2023/5/11,20230511INKL,65,65,50,1
1528,2023/5/11,20230511INKL,78,21.2,-13.8,3
1529,2023/5/18,20230518JJLP,13,36.4,1.4,3
1530,2023/5/18,20230518JJLP,14,43.3,28.3,1
1531,2023/5/18,20230518JJLP,15,42.4,17.4,2
1532,2023/5/18,20230518JJLP,20,-2.1,-47.1,4
1533,2023/5/18,20230518SYDJ,26,41.9,16.9,2
1534,2023/5/18,20230518SYDJ,36,42.5,27.5,1
1535,2023/5/18,20230518SYDJ,83,17.3,-27.7,4
1536,2023/5/18,20230518SYDJ,13,18.3,-16.7,3
1537,2023/5/18,20230518HM11,36,39.9,24.9,1
1538,2023/5/18,20230518HM11,15,21.8,-23.2,4
1539,2023/5/18,20230518HM11,12,25.5,-9.5,3
1540,2023/5/18,20230518HM11,30,32.8,7.8,2
1541,2023/5/18,20230518HM12,29,14.8,-30.2,4
1542,2023/5/18,20230518HM12,6,55,40,1
1543,2023/5/18,20230518HM12,65,26.4,1.4,2
1544,2023/5/18,20230518HM12,38,23.8,-11.2,3
1545,2023/5/18,20230518HM13,10,29.5,-5.5,3
1546,2023/5/18,20230518HM13,2,47.3,32.3,1
1547,2023/5/18,20230518HM13,78,11.2,-33.8,4
1548,2023/5/18,20230518HM13,26,32,7,2
1549,2023/5/18,20230518HM14,66,32.2,7.2,2
1550,2023/5/18,20230518HM14,25,21.9,-23.1,4
1551,2023/5/18,20230518HM14,20,43.8,28.8,1
1552,2023/5/18,20230518HM14,14,22.1,-12.9,3
1553,2023/5/18,20230518HM15,24,49.9,34.9,1
1554,2023/5/18,20230518HM15,28,28.9,-6.1,3
1555,2023/5/18,20230518HM15,9,9.7,-35.3,4
1556,2023/5/18,20230518HM15,13,31.5,6.5,2
1557,2023/5/18,20230518HM21,12,63.3,48.3,1
1558,2023/5/18,20230518HM21,29,36.7,11.7,2
1559,2023/5/18,20230518HM21,2,-0.5,-45.5,4
1560,2023/5/18,20230518HM21,26,20.5,-14.5,3
1561,2023/5/18,20230518HM22,13,63,48,1
1562,2023/5/18,20230518HM22,20,26.7,1.7,2
1563,2023/5/18,20230518HM22,38,21.7,-13.3,3
1564,2023/5/18,20230518HM22,78,8.6,-36.4,4
1565,2023/5/18,20230518HM23,15,33.3,-1.7,3
1566,2023/5/18,20230518HM23,24,34.7,9.7,2
1567,2023/5/18,20230518HM23,66,59.4,44.4,1
1568,2023/5/18,20230518HM23,28,-7.4,-52.4,4
1569,2023/5/18,20230518HM24,25,37.8,22.8,1
1570,2023/5/18,20230518HM24,6,23.6,-11.4,3
1571,2023/5/18,20230518HM24,30,36,11,2
1572,2023/5/18,20230518HM24,10,22.6,-22.4,4
1573,2023/5/18,20230518HM25,65,19.3,-15.7,3
1574,2023/5/18,20230518HM25,9,15.5,-49.5,4
1575,2023/5/18,20230518HM25,36,26.5,1.5,2
1576,2023/5/18,20230518HM25,14,58.7,43.7,1
1577,2023/5/18,20230518HM31,25,9.7,-25.3,3
1578,2023/5/18,20230518HM31,2,8.5,-36.5,4
1579,2023/5/18,20230518HM31,30,44.5,19.5,2
1580,2023/5/18,20230518HM31,26,57.3,42.3,1
1581,2023/5/18,20230518HM32,12,21.9,-13.1,3
1582,2023/5/18,20230518HM32,66,39.1,14.1,2
1583,2023/5/18,20230518HM32,24,12.1,-52.9,4
1584,2023/5/18,20230518HM32,13,46.9,31.9,1
1585,2023/5/18,20230518HM33,28,35.1,10.1,2
1586,2023/5/18,20230518HM33,9,28.2,-6.8,3
1587,2023/5/18,20230518HM33,10,40.4,25.4,1
1588,2023/5/18,20230518HM33,78,16.3,-28.7,4
1589,2023/5/18,20230518HM34,20,11.5,-33.5,4
1590,2023/5/18,20230518HM34,36,64.5,49.5,1
1591,2023/5/18,20230518HM34,14,26.4,1.4,2
1592,2023/5/18,20230518HM34,6,17.6,-17.4,3
1593,2023/5/18,20230518HM35,65,33.3,-1.7,3
1594,2023/5/18,20230518HM35,15,42.9,27.9,1
1595,2023/5/18,20230518HM35,38,9.2,-35.8,4
1596,2023/5/18,20230518HM35,29,34.6,9.6,2
